miner_id,blocks_mined,avg_transactions,avg_volume,avg_block_size,difficulty,mean_of_ratios_efficiency,avg_fee_proxy,fee_volatility_proxy,profitability_proxy,avg_fee_real,fee_volatility_real,profitability_real,last_block_time,first_block_time,ratio_of_means_efficiency,age
112th1SmjAKALwtpsdXuYQ4Uu8e9rbwEXt,20,307.8,495914966585.75,145419.65,1364457570.3444118,1.116369393162297e-09,250481248265133.06,404710884992153.25,238553569776317.2,6680947.85,6176547.891732184,6362807.476190476,2014-02-07 07:32:28+00:00,2013-12-07 04:40:06+00:00,6.20670922918753e-10,30068.0
1134jVdutTZpDfsPjLu4U1vE3UURdWeFui,15,1122.6666666666667,1409796322726.8667,1050330.4,2686700763116.5347,1.7834549810407154e-09,2530541491796074.0,4328295088901374.5,2372382648558819.5,73168087.6,65928196.068457775,68595082.125,2018-02-17 00:21:45+00:00,2018-01-25 04:26:26+00:00,7.963325258893952e-10,551120.0
115ZtZBrhso9PbHBUh44gf6ycxmoHHEFp1,516,276.66279069767444,5842797795216.742,117212.89341085272,2775592.371039867,3.564871334722281e-10,2622662694352598.0,1.4439403296807002e+16,2617589845814198.0,24236550.846899226,74902648.70824102,24189671.63829787,2012-11-06 19:07:36+00:00,2012-08-09 01:05:38+00:00,4.735108083394001e-11,218.0
11wC5KcbgrWRBb43cwADdVrxgyF8mndVC,92,2248.413043478261,1167289547588.1196,1201610.043478261,17532335359323.412,5.539491219135859e-09,2943856511371620.5,4023022932175750.5,2912202140281603.0,52571637.44565217,44489538.55093963,52006351.02150538,2020-10-26 20:11:49+00:00,2020-02-25 16:19:17+00:00,1.926182795111961e-09,1097702.0
122Z63d9uRgYaAugxawaB79o12fRNYwFc8,125,905.792,702690718042.52,462910.448,3638499964840.15,2.207157514228586e-09,1143533998664167.8,2363712952701056.0,1134458332008103.0,44194926.656,80276809.51027752,43844173.26984127,2018-11-30 15:33:32+00:00,2017-07-19 11:43:41+00:00,1.2890336768973662e-09,261252.0
122cCSB4PWo79ko3kBwg2NDL2UvUKBBEue,37,512.8648648648649,561227910755.8379,259051.37837837837,5416873801.694323,1.3024781166934476e-09,354100876765165.6,365018245568143.1,344782432639766.5,9558745.567567568,5747597.126814129,9307199.631578946,2014-04-23 22:39:23+00:00,2014-03-25 13:24:33+00:00,9.138263707771773e-10,402121.0
122pN8zvqTxJaA8fRY1PDBu4QYodqE5m2X,36,2155.0833333333335,3540029132927.472,1312550.5833333333,28889106754393.69,2.2993130093478078e-09,8567007947034958.0,9909724452206854.0,8335467191709689.0,9638852.027777778,7222987.817824895,9378342.513513513,2022-07-07 04:57:33+00:00,2022-03-31 23:21:33+00:00,6.087755926322448e-10,690873.0
1231F5mJfWNoFEuhMjKb4i73My3586iPb2,17,2022.8823529411766,696154003582.6471,945253.1764705882,5614118353074.674,6.126623838283755e-09,1758106435522765.5,2103073330885207.5,1660433855771500.8,8406917.529411765,9094865.706591379,7939866.555555556,2019-02-09 06:13:59+00:00,2018-12-26 04:02:32+00:00,2.9057971979342657e-09,408231.0
1249HZzzG5YSi8juRXPXYopcCYBx3CQYW7,476,2095.7563025210084,1102540907552.8171,1177098.0084033613,16844860867160.781,5.5678129859279204e-09,2659944638162059.0,4639417965786375.0,2654368234308469.5,49236002.565126054,44715233.97809498,49132782.43396226,2021-06-26 23:45:35+00:00,2019-07-31 19:43:46+00:00,1.9008422165239354e-09,173640.0
124dyCUVYPzq8p9ec1FWo4G1ZLUHmCDr74,26,522.7307692307693,359688387518.61536,345707.8076923077,30248561175.48258,2.153332149635139e-09,274849327856596.66,496024247318974.8,264669723121167.16,8742319.346153846,5323870.348427053,8418529.74074074,2015-01-02 04:13:52+00:00,2014-07-29 04:43:33+00:00,1.4532878663026502e-09,6373.0
1255GrigvW5WQxNA8o5FENaVSRnk8iB9a8,21,2317.8571428571427,1575574148439.0476,1059191.9047619049,1452839779145.9192,2.644386950267999e-09,3932331454840588.0,2841957295813312.5,3753589115984198.0,189754651.19047618,77856685.03407913,181129439.77272728,2017-11-03 14:35:28+00:00,2017-10-26 21:12:47+00:00,1.4711190489850888e-09,204726.0
125K2xfiBdae42gSKiCGwi85Frpy1vHmGj,87,2136.1264367816093,772192713123.7012,1111729.0344827587,15841375579713.596,6.069042982154548e-09,1965420832269938.0,2713760313511805.5,1943086504630507.0,38910812.0,46327428.2004371,38468643.68181818,2020-11-06 17:10:51+00:00,2019-12-20 18:29:57+00:00,2.766312606266997e-09,939542.0
125m2H43pwKpSZjLhMQHneuTwTJN5qRyYu,248,2058.0362903225805,1373884555008.8025,1273012.3709677418,19894361629421.676,6.36528614834564e-09,3125377917275521.5,3932792386074893.0,3112826198732246.5,69166610.27419356,56691895.980631255,68888832.72289157,2021-10-05 12:49:49+00:00,2020-09-29 13:42:32+00:00,1.4979688670489456e-09,2099839.0
126RKkWorhNMn825A5cVMJCKg2PpCNbPpw,35,358.54285714285714,435888592290.6,165215.05714285714,12153411.709775832,1.0465171223649249e-09,211930822630111.16,248309522275378.0,206043855334830.3,48540938.51428571,114428547.49102138,47192579.11111111,2013-06-04 17:37:10+00:00,2013-05-27 00:39:10+00:00,8.225561840439778e-10,211727.0
126W33f3fJaVzPT57pVFBZZt7PUCTHnH7J,1044,2181.1005747126437,1188144869459.4243,1243052.0574712644,17434984678993.92,5.332142369166358e-09,2827060160042315.5,3454278016824693.0,2824354839315002.5,64552786.98467433,52038947.66698172,64491013.98277512,2020-11-13 05:59:24+00:00,2020-06-14 06:40:34+00:00,1.8357193897617795e-09,4396.0
129sqfPm5uKYH3a1W4n5y1PbSkta8MthcH,96,2146.0729166666665,850253522018.8229,1094158.8333333333,8179641364095.511,5.321038287350935e-09,2128570929561318.0,2081136236028858.2,2106626899359655.0,61145652.083333336,52599843.530507915,60515284.53608248,2019-08-20 02:33:19+00:00,2019-05-09 01:18:06+00:00,2.5240388438157586e-09,511014.0
12A47cDCL5thLUCNx4mZncqCdxiQW5jpJx,169,115.49704142011835,2051877618506.1243,50278.15976331361,1875283.886275938,1.866224403896226e-10,485417783513676.5,2927767704128926.0,482562384787125.44,7208228.213017751,7478244.570330584,7165826.870588236,2012-08-08 17:40:46+00:00,2012-07-05 20:44:58+00:00,5.628846495445782e-11,470392.0
12DhiiNvdvQD36Vv2mn7FuZrSUCecYhuvG,11,740.8181818181819,625432869108.5454,431987.36363636365,7427993751.288998,2.2989659867372528e-09,667837624035877.2,922356283484441.5,612184488699554.1,12819704.181818182,8953715.03332632,11751395.5,2014-05-12 18:13:17+00:00,2014-04-24 01:52:15+00:00,1.1844887251834074e-09,54495.0
12KKDt4Mj7N5UAkQMN7LtPZMayenXHa8KL,2465,1712.7598377281947,1639733286988.3691,1165967.9253549697,34459204878199.387,3.5312631523154227e-09,4038677977384385.0,7320998572777994.0,4037040232868008.5,9971804.707505072,8307907.842596615,9967760.99107867,2022-11-17 12:51:35+00:00,2022-09-14 14:13:25+00:00,1.044535627421427e-09,5525786.0
12NWBM6yJJ1Rtgk9v9vZGQ8iqaZjqT4Rf8,10,395.3,214056966871.9,194191.9,27428630902.257877,2.0336317939878804e-09,262783961559641.7,622047433838127.6,238894510508765.2,5802598.2,9042017.702881683,5275089.2727272725,2014-09-05 05:08:11+00:00,2014-09-04 07:00:54+00:00,1.846704668279089e-09,3357.0
12RHaYrgmUG2REHfGsJcf7tzwHdvvdQmWA,39,202.28205128205127,274545732936.41025,107518.17948717948,100345183.18356782,1.0400953019808166e-09,90116367928273.61,133828993813564.27,87863458730066.78,6708731.230769231,5503974.443322458,6541012.95,2013-10-25 02:40:24+00:00,2013-08-08 16:05:12+00:00,7.367881814025623e-10,69440.0
12Taz8FFXQ3E2AGn3ZW1SZM5bLnYGX4xR6,297,744.020202020202,757005913503.0842,478216.16835016833,45201100229.4048,1.3978566917587302e-09,833020075416231.9,1263341644592268.5,830224706035640.5,10826084.555555556,8289429.468237804,10789755.412751678,2015-04-01 04:25:35+00:00,2015-01-16 14:17:58+00:00,9.828459576718625e-10,551370.0
12ZRejaK1cZtRwbKKRU9cmpSRssB35ACUZ,14,740.4285714285714,1674989610542.7856,374310.9285714286,43971662056.08958,4.919889056120193e-10,2334896375934518.0,4141630344601996.5,2179236617538883.5,9813959.214285715,9720322.172577647,9159695.266666668,2015-01-17 05:57:56+00:00,2015-01-16 08:08:57+00:00,4.4204965019970077e-10,89144.0
12ahYhvqSboK1jiJ79oGm7qdaWjNJEZAJT,11,174.1818181818182,368151957195.36365,87691.81818181818,217288064.72760877,6.93620630272896e-10,86653471591115.0,104010055084977.1,79432348958522.08,6731809.7272727275,4490267.003680741,6170825.583333333,2013-12-09 04:50:16+00:00,2013-07-08 19:16:40+00:00,4.731247920254484e-10,122619.0
12cKiMNhCtBhZRUBCnYXo8A4WQzMUtYjmR,175,2033.9542857142858,1428301031668.4343,1238040.7942857144,19562789886279.883,5.17265585326885e-09,3256755281383109.0,4393304968485068.5,3238250990011614.0,51933509.50857143,50409821.69197025,51638432.75,2022-02-05 15:32:35+00:00,2020-06-26 21:38:59+00:00,1.4240375387381556e-09,1146132.0
12cupNBTciWdaH5ym3cJW5K5pd3KgquWVZ,13,215.30769230769232,394840116053.9231,125926.15384615384,25593673.68385436,6.655880391297535e-10,102327407047958.23,84310569308712.12,95018306544532.64,7656281.307692308,4915476.266327207,7109404.071428572,2013-08-12 15:59:24+00:00,2013-06-22 06:51:06+00:00,5.453034875470654e-10,272405.0
12dHcSW5MzgBeoPqt6HyVcAMBVbTd3Vfrm,22,1685.5,6497583500599.228,1049509.8636363635,17164713878835.156,4.322990214085845e-09,1.8321814707668452e+16,7.500907302554867e+16,1.7525214068204606e+16,17588593.136363637,17620362.84748067,16823871.695652176,2022-04-16 01:05:26+00:00,2021-06-12 05:20:12+00:00,2.594041307579284e-10,1628977.0
12dRugNcdxK39288NjcDV4GX7rMsKCGn6B,16205,1928.3735266892934,1648815058250.574,1178069.7659981488,19130948349214.04,5.023648669648364e-09,3778043416424616.5,8177180141538154.0,3777810290211089.0,35452545.33211972,43930835.080461964,35450357.71362458,2022-03-28 04:35:49+00:00,2019-11-05 05:41:35+00:00,1.1695511373697283e-09,30985.0
12ej4RUwoszmQoKYyFg6Ej27L82xhFS5Ao,43,517.4186046511628,493635834605.3721,342208.81395348837,21958023479.10571,1.84139127807033e-09,422959379065657.0,806399333514514.8,413346665905073.94,8611841.232558139,6636303.560143093,8416117.568181818,2014-11-07 18:53:23+00:00,2014-03-23 01:30:28+00:00,1.0481787754829498e-09,126259.0
12f9dHa5n4Zkm4KDJa6bGCE1ny6deiXJgv,27,1988.4444444444443,957329751104.7407,1043428.8148148148,9985348008059.557,3.419114621507949e-09,2273361691166810.0,2130381216509346.5,2192170202196566.8,34773291.518518515,24721570.731277462,33531388.25,2019-08-10 09:17:49+00:00,2019-08-08 10:53:13+00:00,2.0770736960277444e-09,174251.0
12grZHgemTNU9nRQqT2cU4rzoeXE7t61au,10,213.3,547066076261.9,97171.5,112628548.66634707,7.941548160786406e-10,224675398855566.7,421913676887937.6,204250362595969.72,10243936.0,9713242.44805172,9312669.090909092,2013-09-25 07:11:28+00:00,2013-09-24 02:07:43+00:00,3.898980566615973e-10,696502.0
12i6Y6TZsmbFPJiQr6UXqTqmkL5j2FCXD3,148,928.8378378378378,1394392804764.9663,477118.7027027027,66634845084.20294,1.0656198781359958e-09,2224016778860705.2,5537244558386834.0,2209090491754257.5,16739094.047297297,14592107.177635252,16626751.134228189,2016-02-26 05:01:20+00:00,2015-01-02 13:47:04+00:00,6.661235160306204e-10,288984.0
12igyTG1TBiYCcfBVdbqPQGRgY6zeXXi8h,74,385.4594594594595,336829206155.37836,224803.62162162163,26916413493.978485,1.978393453258433e-09,223591091932951.1,509665920903182.5,220609877373845.1,6351779.256756756,6434398.734165753,6267088.866666666,2015-01-12 18:59:33+00:00,2014-06-04 17:29:42+00:00,1.144376593286415e-09,258652.0
12nciDmCJtsezRfWGHmTp7VAr85UFHgdiJ,16,192.125,269409595425.875,69465.8125,12584939.331214594,8.787426713982769e-10,69630541892216.0,69826003067233.49,65534627663262.12,14239416.875,9309451.816878706,13401804.11764706,2013-06-06 00:13:49+00:00,2013-05-27 21:51:34+00:00,7.131334713460903e-10,110199.0
12oiay6fiaFhHU2sPeCad18Myr5nHJzgGa,11,168.0909090909091,1104997661614.6365,77481.54545454546,1581233.7158991797,6.520550811375558e-10,644394986741493.5,1652002865483846.2,590695404513035.8,52946644.09090909,145048147.87981474,48534423.75,2012-07-05 15:08:05+00:00,2012-01-13 14:45:59+00:00,1.5211879167716295e-10,89207.0
12pPtC2JzNXq4CvN1qVt2PrG4PFWNFni79,80,409.5625,364289617228.45,273959.2125,5392084490.332027,2.1604778323638436e-09,236325399751031.16,418942882850763.0,233407802223240.66,7765486.2375,6422293.559120927,7669616.037037037,2014-06-17 02:12:17+00:00,2014-01-29 20:36:08+00:00,1.1242771702251368e-09,72685.0
12wUkpNiy3df419mmBUC6VRz7nPHQtdXhb,10,444.1,270345947991.4,271837.1,35985640265.07623,1.3603873366794073e-09,251340250182291.7,520088445243661.94,228491136529356.1,6812369.6,7847996.384945002,6193063.2727272725,2014-10-30 05:49:12+00:00,2014-10-29 07:19:49+00:00,1.6427100287596223e-09,951875.0
12wdBApoi77BYCSdB3CNVW3GPcwQcjgnLv,100,1704.17,1525068917085.21,888095.65,271648467787.50586,1.8916325626683335e-09,3064365527213857.5,3015547303874198.0,3034025274469165.5,56602330.48,28071743.373019896,56041911.366336636,2016-12-21 12:10:28+00:00,2016-10-09 19:01:51+00:00,1.1174380258546594e-09,179016.0
12y2z1dv2q96fnEHUWhnyc5Sjb32p2LPTi,40,304.0,338732068232.75,153339.8,2811967723.6112423,1.5799248621862634e-09,148309216483394.44,195454473726528.03,144691918520384.84,6158347.225,5077550.156217417,6008143.634146341,2014-02-24 05:05:17+00:00,2014-02-06 02:04:56+00:00,8.974644815474487e-10,6710.0
12ybPxJQqJMFQK24Gszz8TdC1tJjWCm3Ch,10,823.4,279840839498.7,482488.8,6456898600754.079,4.633462997826103e-09,281535550491644.0,217234865556683.8,255941409537858.2,14270880.3,17080090.12595799,12973527.545454545,2018-08-26 07:37:55+00:00,2018-08-17 13:32:13+00:00,2.9423868277232817e-09,175303.0
12zkF7Y49U1g6QeWwpWCuwojXBQM63GwV9,18,280.3333333333333,385517109541.2222,203553.16666666666,11295694716.318993,1.666718849624591e-09,194831393578346.12,322993273467477.6,184577109705801.6,4594569.666666667,4451348.305717071,4352750.2105263155,2014-06-18 21:18:03+00:00,2014-05-26 22:38:31+00:00,7.271618467645678e-10,68276.0
131RUhDyyjxXSbSPxGRCm3t6vcei1TB6MB,415,1735.5469879518073,1270536570513.4868,980450.4,2502411470730.113,2.3896985861166735e-09,2698605874187993.0,3135936399615724.0,2692118840836579.5,186215129.4192771,213448974.4814724,185767496.8966346,2018-06-06 20:10:28+00:00,2017-11-04 10:58:22+00:00,1.3659953032681199e-09,1025889.0
131UPBZXEubG3cCHU2Bj52G1eyZUx3JHof,10,371.4,626493123160.5,168710.3,57584886.44232996,8.180283793462497e-10,362710843729071.2,526499585227950.2,329737130662792.0,30342351.0,39754189.85986417,27583955.454545453,2013-09-28 13:34:34+00:00,2013-06-27 03:38:44+00:00,5.928237458160442e-10,28637.0
134AnrmSLjjCPP6b8ZjT4YKLX6i2RJBqf9,135,1800.9925925925927,1274679064653.474,926894.4888888889,1021274247974.1802,2.162166196078129e-09,2613252461999042.0,2138553185331321.8,2594037370366696.0,141008837.0962963,111902600.78871842,139972007.4117647,2017-10-23 18:30:08+00:00,2017-08-16 15:50:03+00:00,1.412898856295407e-09,120028.0
134T9MQCNbm9QhgzSpjR6x7ihNsT1tr6qP,11,363.6363636363636,1085797445557.0,155016.36363636365,618385007.4486402,7.428737688479079e-10,648419133417513.1,958845536450379.8,594384205632720.4,14071319.545454545,21837262.27673995,12898709.583333334,2013-11-30 02:36:22+00:00,2013-11-18 01:33:17+00:00,3.349025779387636e-10,59947.0
134vPp664VcocqouZeuSMZaXfquFyRLfQG,13,2016.3846153846155,2595640322637.154,997826.3846153846,676524287080.1622,1.4264675261482088e-09,5823604893614107.0,4102656169803578.0,5407633115498814.0,242882628.76923078,106671297.60882762,225533869.57142857,2017-07-27 00:06:11+00:00,2017-05-15 17:48:26+00:00,7.768351407547798e-10,160776.0
1362ww2sMAagXXmFrifSs7vsA8ymCGEBua,42,242.1904761904762,692140250735.4762,170699.83333333334,36278046.934599146,8.617101011406095e-10,253230972384949.62,492881605726668.75,247341880003904.28,11578984.214285715,16697264.83961477,11309705.511627907,2013-09-17 05:43:06+00:00,2013-06-23 18:15:37+00:00,3.499153183666487e-10,312786.0
137GtusNrAKndDTVDWRyFuB1BgEToGYJk5,43,360.9767441860465,376793457499.2093,247330.76744186046,8001422233.720369,2.0396223062260176e-09,220297565075434.5,328886848022484.5,215290802232811.0,6918812.209302326,5927626.811561571,6761566.4772727275,2014-09-03 06:07:36+00:00,2014-02-14 18:30:04+00:00,9.580228557625738e-10,92449.0
1382v6T81xCPFeLaQq6UTuq7HFySq27LcX,43,2660.3255813953488,934697743309.279,1209977.0697674418,6442345273100.66,4.638157791755134e-09,2621071587220783.5,2032756116913441.2,2561501778420311.5,60839517.930232555,33719450.99279848,59456801.61363637,2019-05-09 21:24:15+00:00,2019-04-22 21:23:07+00:00,2.8461880864037587e-09,256478.0
139LngX4LV77rrs4kc6JM1hgwf9XGxB86J,10,165.2,72910011672.3,81860.9,29829733124.040417,2.377643119385046e-09,19840401648586.5,29180353303765.906,18036728771442.273,1964267.2,2208109.6338977274,1785697.4545454546,2014-09-18 04:48:51+00:00,2014-09-17 08:19:46+00:00,2.2658067967744248e-09,82457.0
13A2hpDFC3SLqc77gdT3P3hGeJfw2dwqF7,50,2096.26,934191322599.12,951352.54,11575692120922.092,8.317552945620973e-09,2293687501668470.5,6409782455274886.0,2248713236929873.2,18485293.54,15195475.916046567,18122836.80392157,2019-10-27 19:01:22+00:00,2019-08-21 07:35:25+00:00,2.2439300700928765e-09,1304.0
13CAUgntqbEWSjmcLcPdQuwS8vmu3WihWD,11,14.090909090909092,190060209054.63635,7821.818181818182,1578047.2350972528,4.4273778035999764e-10,2102816031351.182,3654911469581.877,1927581362071.9167,2751079.4545454546,2571253.675875967,2521822.8333333335,2011-08-04 02:15:31+00:00,2011-06-20 15:23:38+00:00,7.413918547705268e-11,2281003.0
13Djmm4Sv1mkym8QJ3s3qbDnTP24aEZCfs,321,1659.613707165109,642173487119.8037,892396.2803738317,6879970775410.387,3.6630915169565516e-09,1365020745005543.0,1417800067519073.2,1360781550145277.5,15186684.6105919,14242313.498842686,15139520.99378882,2018-11-25 06:39:52+00:00,2018-07-24 21:52:04+00:00,2.5843697076448935e-09,942883.0
13J9DJd33s6RENSPabUxJhj3uKD2kJJ2FC,10,374.2,343736558867.8,238423.2,39603666252.41841,1.3757542703764833e-09,220309761519559.5,461787112950504.3,200281601381417.72,5536218.4,6247771.49221255,5032925.818181818,2014-11-17 07:22:36+00:00,2014-11-16 16:17:30+00:00,1.088624385001527e-09,524729.0
13NA7X1u18CgGa7RzTDyvuuoLJtLRvXgke,563,309.79751332149203,558008364442.1385,142147.13143872115,590162298.903339,9.622288967657074e-10,274619461128056.28,518068995814005.4,274132547189885.97,20654947.75133215,129958393.17325749,20618325.5035461,2014-03-03 01:18:54+00:00,2013-09-21 13:24:49+00:00,5.551843539678979e-10,287165.0
13R7Svb7RucVs8ZwSTVgEJLuLjAQHjZrf9,13,614.0,596659085943.3846,398250.0,3732049456.0262856,1.4604997687040744e-09,508746195659947.3,503659129570117.25,472407181684236.8,12024055.0,7618612.944210427,11165193.92857143,2014-04-04 18:16:34+00:00,2014-02-04 01:26:42+00:00,1.0290633537059062e-09,12718.0
13RBRTMVPppaSMf2gu81grhdMSnv5RkyrP,22,961.8636363636364,1177005937550.5,544407.9090909091,144116447847.34866,1.1843539487250005e-09,2065252973435431.2,3538645644574520.0,1975459365894760.2,17919492.90909091,16151639.45102941,17140384.52173913,2016-02-15 01:29:57+00:00,2016-02-13 10:02:46+00:00,8.172122210066312e-10,20002.0
13RziVkAdyHDP3rhr7Hxh1koeRRX4ZVxQ8,10,338.8,263943615833.2,214594.9,18736441558.31024,1.8501052254973422e-09,153026254707690.0,256510051124613.12,139114777006990.9,5371539.3,5286908.968063181,4883217.545454546,2014-08-01 00:15:20+00:00,2014-07-31 06:58:33+00:00,1.2836074815846492e-09,150013.0
13Sd8Y7nUao3z4bJFkZvCRXpFqHvLy49YY,22,1355.6363636363637,1519962735279.9546,656284.8181818182,418530097463.1955,1.3095626661532806e-09,3005918966891748.5,4030298213274421.5,2875226837896455.0,98765521.5909091,72942730.69052994,94471368.47826087,2017-04-16 11:03:46+00:00,2016-11-23 13:33:57+00:00,8.918878944664888e-10,969670.0
13TEThZNnKPk34HYAuo1QqYMwDdjF3qeHx,956,1386.68410041841,826380249182.2175,890978.0962343096,3857125281359.688,2.7449988370678393e-09,1541216883832686.0,2074233003383870.5,1539606416869433.5,56558930.71129707,103630837.40892293,56499830.47021943,2018-09-25 18:21:09+00:00,2018-01-04 13:19:30+00:00,1.6780218329161023e-09,276306.0
13WmMzyrJxfJAgWupbQGqCn9YeNQo2gJAW,10,1529.8,659528360002.5,881711.9,6898952732331.881,3.989994821643173e-09,1303837139487960.5,1396786546892297.2,1185306490443600.5,13613088.7,11214878.649992816,12375535.181818182,2018-10-19 20:43:28+00:00,2018-08-10 18:58:20+00:00,2.3195363425982184e-09,31697.0
13XgASZP7N6pTMeyS5Sq8JeuCAkNzefnT7,1389,244.84521238300937,5879771235416.14,111254.56731461483,2660719.612321085,3.104723990854479e-10,1912093882526045.5,5952577813587007.0,1910718275416314.5,19137237.49604032,22240023.157986164,19123469.699280575,2012-10-13 18:37:25+00:00,2012-07-04 23:57:17+00:00,4.1641962345101425e-11,323315.0
13Y3PXtPEWncjFYARr8jpLgS4TuL51d8z3,16,384.6875,441859683778.1875,239247.1875,40284619847.3423,1.1457744375445745e-09,304196787169848.44,508713627499239.06,286302858512798.5,5258633.75,5419113.034647256,4949302.352941177,2015-01-03 06:39:30+00:00,2014-12-04 08:59:33+00:00,8.706100921239789e-10,63605.0
13aaEoKkP58vFDKbXCfziDPUjbLforwmJ6,53,420.9622641509434,423495749763.1132,253827.30188679244,1588621661.2047896,1.6274971376899903e-09,272612464400359.7,391728270912285.9,267564085429982.66,9161690.245283019,10222273.904597972,8992029.314814815,2014-03-14 00:35:49+00:00,2013-12-03 18:10:46+00:00,9.940176834983894e-10,355134.0
13d1hdFS3h1eoWJ5jrKLnuWz9GwEHiHmh1,13,316.0769230769231,377899862032.9231,203743.38461538462,15171353667.246239,2.2611782143100642e-09,189159814420021.3,358134158342416.5,175648399104305.5,5509728.384615385,4482406.853807758,5116176.357142857,2014-08-31 02:27:29+00:00,2014-05-16 23:57:59+00:00,8.364039123395766e-10,487.0
13ff9LwRSFN5jUgTRQiMZN5FH4zQeqNLL2,10,207.2,394793132060.5,128624.8,27428630902.257877,1.9669241999090595e-09,283197408140622.5,791467144032526.4,257452189218747.72,3183087.2,4836266.374710392,2893715.6363636362,2014-09-04 03:27:31+00:00,2014-09-03 09:32:19+00:00,5.248318250081607e-10,20687.0
13hQVEstgo4iPQZv9C7VELnLWF7UWtF4Q3,1378,1773.100870827286,957880243225.4049,970176.0660377359,5301871377886.305,3.5582942013650095e-09,2164350786020657.8,5049436197396918.0,2162781278561614.5,78022870.26342526,148123697.16557127,77966290.95213923,2019-09-01 21:36:13+00:00,2017-12-06 06:08:07+00:00,1.851067378586747e-09,497617.0
13nQzXUAaZzNVgke6NzxRgARFL3btSb12G,10,217.0,93618773067.1,104719.8,29829733124.040417,2.7417223945339416e-09,105403049612198.6,324613218265374.6,95820954192907.81,2854441.8,6348514.554326544,2594947.090909091,2014-09-17 05:54:34+00:00,2014-09-16 10:55:31+00:00,2.3179111719875686e-09,81107.0
13nWbueVQyFAoUUFkb6e4wR25vqr8cevkS,39,47.15384615384615,283628021825.0769,27367.05128205128,1289589.690268449,2.7703604354696334e-10,21164112037285.9,32773016362376.57,20635009236353.75,3743535.1794871795,4322966.068492715,3649946.8,2012-03-18 02:34:16+00:00,2011-12-20 09:52:42+00:00,1.6625242403914358e-10,813480.0
13pNhLKUM5Vwa7YjGeAGno9M28MhQrdiFT,14,565.1428571428571,533081377076.4286,336593.35714285716,42305834510.373535,1.1849149003845764e-09,435598393596780.4,542897181295451.56,406558500690328.3,8088352.857142857,6136822.975592035,7549129.333333333,2015-02-12 06:45:53+00:00,2015-01-22 03:14:42+00:00,1.06014368808429e-09,167009.0
13pucx6gHP2vyBLc88QfcGivjkhK63PeVg,1141,1524.1779141104294,1605507409337.9167,963974.9921121823,201574045437.07703,1.470637163376429e-09,3143428312621866.0,3442157172718860.0,3140675748425174.5,39833257.92725679,24639008.378685247,39798377.66637478,2016-12-12 13:30:13+00:00,2016-02-05 06:53:09+00:00,9.493434320175288e-10,3755988.0
13q2MtmDwa5SDq35dYmYcWNiJqirfYemYu,67,66.50746268656717,1416402311454.6716,34818.014925373136,1588153.327123017,2.982110034878886e-10,550918401782651.56,3319918208629091.5,542816660579965.5,5971176.358208955,9015393.400429646,5883364.94117647,2012-09-12 15:44:52+00:00,2012-01-19 19:17:02+00:00,4.695520626358111e-11,228930.0
13rJe25PcnndhT7Aevv9cDoXPgBbtNWsoM,11,213.27272727272728,208693178321.63635,126495.36363636363,19729645940.577133,2.130061628850624e-09,171469976337466.62,392831239716467.06,157180811642677.75,3178455.4545454546,5495031.744135595,2913584.1666666665,2014-08-19 06:09:08+00:00,2014-08-18 11:23:03+00:00,1.0219439321779507e-09,861633.0
13tXUgkf8bchzsiqctLaJrmvuiEcUXWGnM,12,792.1666666666666,927715196726.3334,460589.5833333333,39457671307.13873,1.1724306417475888e-09,1320256667026217.2,2148389289387175.5,1218698461870354.5,11104212.083333334,9079552.1828083,10250041.923076924,2014-12-19 03:02:41+00:00,2014-12-18 09:22:40+00:00,8.538899324512713e-10,157251.0
13uXbcdbnmap8K1BuoUchUrxbXvYNJULgq,108,571.0925925925926,897859754076.6852,333276.3611111111,41447546164.08204,1.1425455328921043e-09,1159243432172695.5,3158987045007635.5,1148608171327074.2,8923740.935185185,9829541.275255209,8841871.752293577,2015-02-01 17:26:28+00:00,2014-12-11 23:33:43+00:00,6.360599080196841e-10,22720.0
13vKNQbgSxSTa7PeheVgknhB8QqmeMC8Gg,12,350.9166666666667,720208847715.3334,151125.75,71218248.45415233,8.64899779065922e-10,372853779489533.25,471134824969317.94,344172719528799.94,18384219.333333332,14775498.641771855,16970048.615384616,2013-10-11 05:43:27+00:00,2013-07-07 19:57:39+00:00,4.87242926520348e-10,118723.0
13vWXwzNF5Ef9SUXNTdr7de7MqiV4G1gnL,80,218.5125,429334029985.6375,88250.3625,25061137.638194967,7.929212648443222e-10,131767826816718.2,173655404302920.8,130141063522684.64,30373441.25,136734022.36149785,29998460.49382716,2013-08-15 04:05:18+00:00,2013-06-08 05:36:07+00:00,5.089568604829901e-10,141542.0
13yvn7iRSmpHAmosKgmXuBY5iZ2gupsxCB,12,442.3333333333333,606497916129.25,223407.58333333334,57362047470.42272,1.023220853599007e-09,461072025227833.94,726983525003991.0,425604946364154.4,8272196.833333333,8774846.705946459,7635874.0,2015-10-15 11:38:17+00:00,2015-08-11 14:23:05+00:00,7.29323747979817e-10,119593.0
13zYw7DHQQDaYLToCfVkJcxA2ohbSaAgGi,31,312.0,1492095852458.7742,137441.03225806452,1720258.7450794352,4.874142788808662e-10,524141489847715.1,657291057103296.4,507762068289974.0,17623812.419354837,12556507.606251067,17073068.28125,2012-07-29 07:14:39+00:00,2012-06-13 11:46:28+00:00,2.0910184790465424e-10,1153595.0
145UHBQAmGRpdsXVKhdHtFndnJ8XN8fLjq,2744,354.5524781341108,1022904210845.9869,166226.64577259475,3720353.5052977535,6.253639159612324e-10,479801371497747.75,723581292590634.1,479626580469879.75,31728458.201895043,28665241.779068626,31716899.565027323,2013-04-04 11:55:18+00:00,2012-12-18 14:18:09+00:00,3.466135678930095e-10,103225.0
145Xk59Kaa2MKWN1dB3dmJZRePshTStqni,81,601.1975308641976,744793099680.5679,335224.97530864197,39376677089.49484,1.6833452571434188e-09,715618318929680.9,1369860357349113.8,706891266259806.8,9403983.469135802,8055828.023264948,9289300.74390244,2015-01-21 09:16:13+00:00,2014-10-01 01:05:46+00:00,8.072007261104371e-10,185229.0
146197ntzrBT41DDQRrB2STBb19dw7ct2F,10,275.3,443239020311.0,124304.4,550225447.0232208,6.031541127089518e-10,229166674308053.0,345894196245832.94,208333340280048.2,8897821.7,8824007.934455018,8088928.818181818,2013-12-03 22:06:36+00:00,2013-11-07 10:25:50+00:00,6.211095760631249e-10,71542.0
146ievhDfRcEaEAUQjasqzQQeUVLcZZ5gb,20,440.7,727523409409.45,174121.35,43017644541.27434,1.0026396156604127e-09,479399068888416.6,889582783537952.8,456570541798492.0,6442124.15,4306336.420165391,6135356.333333333,2015-04-10 01:04:42+00:00,2014-12-22 06:13:29+00:00,6.057537040048345e-10,251117.0
147SwRQdpCfj5p8PnfsXV2SsVVpVcz3aPq,5197,2060.866076582644,1027636226943.3973,1181356.4958629978,16193222551620.059,5.6601699869936034e-09,2439271784678911.5,3575048507531772.5,2438802513462159.5,54539434.39772946,62577291.28498513,54528942.009426706,2021-06-24 23:31:35+00:00,2017-07-03 08:30:04+00:00,2.0054431933686174e-09,1375703.0
147nAXNyqnABEVQ2EQLXXCFP3zE6bKZLMF,94,743.7021276595744,663240114370.2872,402502.7659574468,47404377540.807846,1.8769676718260208e-09,781678454709404.6,1156110374465350.0,773450260449305.6,12267031.276595745,11069091.921127075,12137904.631578946,2015-04-27 00:57:25+00:00,2015-02-13 05:31:59+00:00,1.1213165662720534e-09,73012.0
1487GbVKfL1Yq1N9ih6v58QWvsmwpNcBvg,28,604.0714285714286,604112846910.1072,353648.5714285714,7397748759.851417,1.8004261307860984e-09,539088638447329.4,689129404095891.0,520499375052593.9,11539510.285714285,8469802.734699465,11141596.137931034,2014-07-28 19:58:44+00:00,2014-03-18 21:10:22+00:00,9.999314394009489e-10,48441.0
14Dj368DZyFPDbSbERf53wcGLWefsZUamn,708,164.48728813559322,2015287792704.5918,76312.05508474576,1615994.1083208104,3.085964229623371e-10,875335688362362.0,3623544328763580.5,874101082313896.1,11065205.961864406,18147904.43251048,11049599.18335684,2012-07-13 12:54:33+00:00,2012-03-07 22:02:08+00:00,8.161975114970806e-11,128855.0
14DjTuAUh87cwRsbU1z6W8hZY6FnEkpfLS,470,1213.8765957446808,620535473600.8894,623397.2638297873,5137091674690.511,3.1953416106691918e-09,1162458560876719.8,1759698968547640.0,1159990495991631.0,18687210.44042553,22663741.81805675,18647534.834394906,2019-08-02 05:09:04+00:00,2018-02-09 22:27:21+00:00,1.956175992164811e-09,141344.0
14E1qRCTaB8AFTrarcoQUoLqYi6KxNxaNV,10,205.6,2463009833554.8,118761.2,3429668.2938930998,1.6323861614450168e-10,578105504856375.2,566183262243537.9,525550458960341.06,14001243.9,10023392.570373125,12728403.545454545,2013-03-12 18:41:43+00:00,2012-12-09 07:42:29+00:00,8.34751031843274e-11,116804.0
14JJG9HH75YrybPf5c44YVWByZ2W2apiKK,139,241.9064748201439,2158299122691.7483,108674.58273381295,2368117.995527525,3.9078180134128957e-10,617011227820152.5,1274511652442844.8,612604004764294.2,20876248.539568346,37127893.70378709,20727132.47857143,2013-03-16 09:45:55+00:00,2012-03-13 17:01:56+00:00,1.1208199654848925e-10,313452.0
14KZic7fZANCswSZQ994AszKaxhh29MyY5,10,234.7,354157225558.7,108805.5,174177920.32340303,1.3731441271611102e-09,128117354487866.3,200712794461572.03,116470322261696.64,9945217.0,7600899.390821223,9041106.363636363,2013-10-24 07:23:04+00:00,2013-08-21 10:25:09+00:00,6.627000186986146e-10,13606.0
14KxdJ7DfAPsxCYkpcDTcKotjeProcfRPo,13,1340.4615384615386,1401149955873.077,750943.3846153846,174973960896.4295,1.1535985641864298e-09,2099917370498471.5,1685730009695915.5,1949923272605723.5,30093709.46153846,14308932.785361683,27944158.785714287,2016-10-12 16:17:27+00:00,2015-12-16 02:11:12+00:00,9.566867078308385e-10,1498941.0
14LvhDhjeLBVjxm8Eoe6NNykZgLDB6iw6w,10,340.7,242705339284.8,198705.5,39603666252.41841,1.3144335677497279e-09,224510298583973.6,494194668683081.8,204100271439976.0,5473891.5,8697659.438169587,4976265.0,2014-11-10 04:26:26+00:00,2014-11-09 09:48:16+00:00,1.4037598060428708e-09,165632.0
14M1pQ5KKeqmDrmqKyZEnaxAGJfBPrfWvQ,26,1884.076923076923,2324482063552.423,884924.8076923077,687084244453.2069,1.151630908036375e-09,4925678374777882.0,3768299431005382.0,4743245842378702.0,214981558.34615386,117934201.13663076,207019278.4074074,2017-08-08 22:59:29+00:00,2017-04-26 11:16:04+00:00,8.105362276693827e-10,39517.0
14MrGdoEz2PRAvGVrn7QU2ZH8HAXk8cwAu,276,251.22826086956522,4826014780927.979,109731.18115942029,2575825.8284636843,3.6628854963861496e-10,1773774047234232.8,9410550402694678.0,1767370530818224.8,18045682.695652176,16441862.023257503,17980535.826714803,2012-11-06 20:41:48+00:00,2012-07-07 06:47:17+00:00,5.2057084835794344e-11,5652.0
14MyvXqxuYzCnKZbWdzbCimey9feCGVwkG,140,202.19285714285715,2625050039398.15,96328.66428571429,1801373.9741563846,3.1174105362941083e-10,772315459931115.5,1791458932555426.8,766838045321675.0,14651079.621428572,14377443.792001702,14547171.255319148,2012-11-26 02:36:18+00:00,2012-04-01 11:15:04+00:00,7.702438205300432e-11,1050018.0
14PUSkxZsGShcNmUBmxcYm5DcFq89S8jEG,91,1961.7252747252746,1220439323821.5386,1360204.978021978,21973145727319.992,6.137087043155777e-09,2698228297115154.5,3510364438840146.5,2668899728668250.5,75733456.6923077,41013527.91376351,74910266.94565217,2021-04-14 07:58:25+00:00,2021-02-11 22:07:36+00:00,1.6073927121444772e-09,2281298.0
14R2r9FkyDmyxGB9xUVwVLdgsX9YfdVamk,18,1379.888888888889,1297977842103.8333,739770.0,677189399273.488,1.9402881611740847e-09,2340703219816739.5,2829789569451083.0,2217508313510595.2,143402726.1111111,109675610.02633476,135855214.21052632,2017-09-20 15:01:31+00:00,2017-02-22 16:17:02+00:00,1.0631066603204025e-09,1165472.0
14Tud2jEf4rV3TJssKg7VYuoLh6VgRxXBY,10,168.6,141417664123.8,134125.5,11756551916.903952,2.9707589536954e-09,71364602015707.7,195825294865747.66,64876910923370.63,2084590.0,3073185.0794590586,1895081.8181818181,2014-06-07 05:20:33+00:00,2014-06-06 09:04:43+00:00,1.192213158409999e-09,29105.0
14UCAasvrupV2A2GCm92xWcgQVSP2sP4UM,14,355.92857142857144,361444808056.7857,175412.35714285713,12163509.010069754,9.900243776191688e-10,155867563270772.22,144787927953052.5,145476392386054.06,29336459.42857143,19992947.026849944,27380695.466666665,2013-06-06 11:19:28+00:00,2013-05-20 06:43:00+00:00,9.84738370823831e-10,39939.0
14aHscQewy4PvrJ21DQNWWN6o5BknqFdvN,28,312.10714285714283,688637598530.2142,135522.64285714287,58145953.82467645,9.039473113155803e-10,312923574422931.1,500651713855537.94,302133106339381.75,26657665.14285714,38057153.45397239,25738435.310344826,2013-12-06 11:19:19+00:00,2013-01-14 11:51:05+00:00,4.532240811760571e-10,9217.0
14b5MW9Aizj9ccs1UQAacgcRzkS8KXh7Ww,72,312.9583333333333,481261253852.7917,140869.90277777778,16571899.440151913,1.1307792946420911e-09,218887620742869.2,285392178920326.2,215889160184747.7,25066309.319444444,19601707.776561096,24722935.21917808,2013-07-26 22:50:21+00:00,2013-04-23 22:56:26+00:00,6.502878235634176e-10,580235.0
14brPwTZA8jB3AVRpMKhvLYFQGr5GJGRMN,115,270.88695652173914,578131154708.0521,126578.45217391304,224496576.08924302,1.0613482549643024e-09,232059261608355.06,420288829240597.0,230058750732420.97,13198154.921739131,16338939.972571444,13084377.72413793,2013-11-20 17:49:44+00:00,2013-09-06 19:44:34+00:00,4.685562338506617e-10,9519.0
14c4CkEfYwRaimqZYL5nazFCxqv2R5PRag,28,453.67857142857144,388020585551.7143,297739.5714285714,7171516034.573081,2.8525047234561494e-09,249231474787287.1,425054888206897.1,240637286001518.6,8672966.892857144,6908911.385127259,8373899.068965517,2014-07-06 21:03:25+00:00,2014-02-20 22:57:52+00:00,1.1692126354159796e-09,234913.0
14cZMQk89mRYQkDEj8Rn25AnGoBi5H6uer,26204,384.621737139368,699335255387.7327,199249.6791711189,4461015875.265881,1.1489122882317842e-09,402609645979263.2,1081193399834619.9,402594282130914.4,22296982.72126393,108493226.1776929,22296131.853768364,2015-06-30 03:45:01+00:00,2012-11-06 23:58:27+00:00,5.499819066409315e-10,117275.0
14dSKs2F3m2ySnVmxvGgYrfxyBDntziMWJ,16,163.8125,2999780357415.6875,89174.75,1559366.7342713985,2.368670274257395e-10,897503853029491.4,1918186159844433.5,844709508733639.0,10174646.0625,8199638.978808149,9576137.470588235,2012-06-02 01:41:20+00:00,2012-03-16 22:08:12+00:00,5.460816475947744e-11,365781.0
14eyqCii2cBsryd6hY7HiDshAeoGxH77dy,239,2258.7489539748954,959770196996.0084,1115543.631799163,8275367599789.805,4.865530834803909e-09,2447205944753403.5,2352245298914891.0,2437009253316931.0,53510374.30125523,47720613.978947096,53287414.40833333,2019-11-17 10:42:52+00:00,2019-02-27 11:08:27+00:00,2.3534268526409445e-09,30649.0
14hLEtxozmmih6Gg5xrGZLfx51bEMj21NW,38,2083.9210526315787,1075515551935.921,1346809.0789473683,33629713222881.883,3.8745485758175146e-09,2805444638521615.5,4211203092823185.5,2733510160610805.0,12806383.368421054,10376442.791295772,12478014.564102564,2023-01-05 12:39:51+00:00,2022-01-31 23:44:16+00:00,1.937601970404365e-09,1125776.0
14iVxhdTHgog4nU6DmRzEmuXvJ2PxgqQ3w,13,390.0,1005969882885.1538,211172.38461538462,556415711.1879376,7.524654980961239e-10,546581504857363.1,620060094629603.8,507539968796122.94,12197141.307692308,8323030.470361454,11325916.92857143,2013-11-20 07:07:29+00:00,2013-11-14 20:19:34+00:00,3.8768556259504265e-10,9982.0
14jVnHH2y2autmu93YpgKxVEe9yC29pBvt,27,398.55555555555554,475465971239.2963,189056.22222222222,2790794026.883839,1.0600499730383094e-09,233335395689514.06,270679749147695.88,225001988700602.84,7694341.259259259,5070825.531143733,7419543.357142857,2014-02-19 13:11:14+00:00,2014-02-08 21:52:03+00:00,8.38242018701623e-10,67318.0
14jncAC9isL5LE76ceiXPXjr9N7iG4v7Xy,168,253.3154761904762,1846734284608.3928,120864.20238095238,2236569.0994157456,4.57689473614248e-10,619513753111234.0,1215654250056954.5,615847991258504.8,16803329.81547619,13199261.948190128,16703901.828402366,2012-12-29 18:04:57+00:00,2012-05-24 22:44:17+00:00,1.3716942296557446e-10,627314.0
14kKEh1sbFrJoByed6ZKGntNHLY47jXNJ7,398,284.8040201005025,6273803163536.186,119830.16834170854,2711029.793950771,3.4684993797128143e-10,2843714045239174.0,7682779789937775.0,2836586942368900.5,21221082.183417086,19870721.1510924,21167896.51378446,2012-11-06 18:11:18+00:00,2012-08-09 19:21:10+00:00,4.539575321007915e-11,616.0
14njFXMXZCoZoqPw1SWHNozS5kQmo1hTEp,29,1765.3793103448277,1622128154137.0688,1367087.1379310344,22345632404940.555,3.5536994881588683e-09,3540129954541823.5,4590451409823534.0,3422125622723762.5,68544536.62068966,42991495.057066575,66259718.733333334,2021-05-19 13:05:58+00:00,2021-04-26 16:54:59+00:00,1.088310628135275e-09,2041867.0
14oXXPwLBj7T9mLmThLYSw1Gd3de5zYvsp,11,561.1818181818181,38961868636078.09,176575.81818181818,2304400.8050179067,1.5498398714159856e-10,2.2262769928057484e+16,6.478528002527358e+16,2.040753910071936e+16,18299547.272727273,11489086.95130217,16774585.0,2012-08-28 06:22:25+00:00,2012-08-24 20:46:02+00:00,1.440335994722215e-11,175934.0
14p7y4YDa6sqJbkgQftQsYVWGHYkpi8F1W,10,49.2,80606263477.2,33377.0,19729645940.577133,1.3534396223885975e-09,3711220603177.9,3441082720219.0312,3373836911979.909,517956.1,151609.53227906805,470869.1818181818,2014-08-09 06:48:35+00:00,2014-08-08 08:49:43+00:00,6.103744036456489e-10,92224.0
14sA8jqYQgMRQV9zUtGFvpeMEw7YDn77SK,154,1877.9415584415585,3019601910013.935,1204397.4025974027,22843738220198.832,2.872521449342428e-09,7334824553608524.0,1.0311840967572832e+16,7287503104875566.0,8600176.246753247,6025956.890020189,8544691.238709677,2022-02-25 07:32:03+00:00,2021-11-01 16:21:32+00:00,6.219169328955988e-10,1699168.0
14vLo9HVtVdpUW9euWGKbkNaQ26gszk3Xv,14,359.2857142857143,646041909957.7858,173635.42857142858,141443838.13357893,7.468270980020185e-10,300679055500580.56,348853213179092.3,280633785133875.2,21383194.0,22171597.630436845,19957647.733333334,2013-11-12 07:59:59+00:00,2013-06-29 11:15:01+00:00,5.561337565688131e-10,6636.0
14vcvqZadz6jvpWGPi27baTaBFxyKE7irK,65,2533.4307692307693,967496669459.9539,1254866.2615384615,6702889778634.198,4.5218957563220345e-09,2641697811435174.5,2015610931679644.5,2601672087019490.0,113530310.56923077,56552659.645237535,111810154.34848484,2019-05-21 07:01:42+00:00,2019-05-08 21:29:04+00:00,2.6185421089303624e-09,529074.0
14yd17779fySwxwPJVxLtdacpd1QMJhabo,464,1881.6637931034484,1319519460872.6875,1016671.0538793104,5579344649813.591,3.488760264486863e-09,2942255316786269.0,4955891411170468.0,2935927885997481.5,99743274.63146552,131435179.39365038,99528772.9655914,2020-10-14 03:16:47+00:00,2017-06-04 07:29:47+00:00,1.4260220094510594e-09,1401424.0
14yfxkcpHnju97pecpM7fjuTkVdtbkcfE6,1012,582.3083003952569,607373978910.7382,343872.79150197626,35260602803.19475,1.6954144274456364e-09,590390064859917.6,1307534409812651.2,589807251370421.2,8983469.484189723,7782773.664240005,8974601.301085884,2015-05-06 23:38:36+00:00,2014-07-18 13:39:49+00:00,9.587310629269402e-10,221366.0
14zQfkDJBXzUoGK6U8UEbKfbmZ1trEzopc,11,167.45454545454547,829751546745.0,81753.09090909091,23529668.463340685,5.515624452711498e-10,196361621996197.1,313196269756691.9,179998153496514.0,4380633.454545454,2882109.722875809,4015580.6666666665,2013-07-20 05:39:46+00:00,2013-07-04 16:36:40+00:00,2.01812875325688e-10,1052160.0
14ztGKKzZbM9gm2rbqAfX64FQozFBa7BTQ,30,246.4,818208086071.7,91764.93333333333,6695826.282596251,4.740557980457476e-10,236509009761184.0,237947231376129.62,228879686865661.94,78229284.8,317178605.11148506,75705759.48387097,2013-04-03 05:43:56+00:00,2013-03-25 16:55:40+00:00,3.0114588720699574e-10,322377.0
151T7r1MhizzJV6dskzzUkUdr7V8JxV2Dx,10,767.2,2362546964388.9,554773.9,106911712652.22128,1.230505304590688e-09,2022141290536421.2,2818517944690897.0,1838310264124019.2,14872805.4,8717028.699400198,13520732.181818182,2016-03-24 02:54:50+00:00,2015-06-21 20:48:35+00:00,3.2473428531332716e-10,1069170.0
151z2eoe2D9f6cohGNNU96GsKAqLfYP8mN,1738,241.72612197928655,1354978983270.9817,112700.0333716916,3298361.2952220114,4.735638753776955e-10,476685219798171.8,977519269343296.6,476411105238195.9,19666875.38032221,17288085.7466893,19655566.07878091,2012-12-18 13:04:40+00:00,2012-10-13 22:40:20+00:00,1.7839842902636655e-10,96240.0
152f1muMCNa7goXYhYAQC61hxEgGacmncB,16689,1273.3805500629157,1584985123629.2024,635501.3567020193,275367909283.5093,1.4118456436733332e-09,2952938833439767.0,1.5061786738231204e+16,2952761904809842.5,59681791.81850321,90643084.36130123,59678215.91725584,2018-01-05 00:30:13+00:00,2014-10-21 21:15:40+00:00,8.03402209319925e-10,402210.0
155fzsEBHy9Ri2bMQ8uuuR3tv1YzcDywd4,5672,1782.4250705218617,1494026082632.8147,966548.3908674188,2232338772558.7847,2.5042984872290846e-09,3152116120552567.5,1.903407981486544e+16,3151560485770168.0,96380349.26569112,403980325.54299843,96363359.95681298,2019-11-06 12:33:54+00:00,2015-04-02 14:07:37+00:00,1.1930347744537513e-09,39483.0
156JxFkqoRS9Jd3ijLNemtuqnGJpHjA3nD,103,972.6699029126214,1461205342806.0,489624.7087378641,69277542205.94197,9.911605866327471e-10,2187097653551089.8,3052929510047989.5,2166067868420790.8,18066052.019417476,13617349.802069549,17892339.980769232,2016-02-03 10:13:31+00:00,2015-08-11 17:24:57+00:00,6.656627062728718e-10,301483.0
157M1BtvLbdLxsgJhzX5kHCTUoim1crQQt,10,337.5,451019569074.5,164377.0,67558118.55314447,1.022142140968712e-09,233149358742548.8,350032180865876.2,211953962493226.2,93682855.8,247980280.1851089,85166232.54545455,2013-10-12 12:08:03+00:00,2013-07-07 09:41:55+00:00,7.483045595838687e-10,109476.0
159FeYxUKekbvmBu2CyWTKAH3yHhyP3qQj,87,514.9310344827586,594408145711.0804,291402.6551724138,10271388691.37755,1.6537716995060223e-09,624268760501410.2,1642096855198525.2,617174797313894.1,11239152.43678161,14494360.59903037,11111434.795454545,2015-06-28 19:10:26+00:00,2013-12-06 06:06:46+00:00,8.662920220697098e-10,146973.0
159teKnPEq4b5F1i7MnNfCxsqMbhGLdjce,19,289.7894736842105,2723010097375.4736,134104.94736842104,2467862.494439824,4.33572509936181e-10,719548063119841.0,920677601868442.1,683570659963849.0,19744150.57894737,10732725.02292507,18756943.05,2013-02-01 13:25:17+00:00,2012-06-11 18:09:48+00:00,1.0642247487936939e-10,274881.0
15GJAJsV5uNYzJipfFF3f6tu8KAGmwS3rn,11,429.0,312680358965.9091,336114.1818181818,39457671307.13873,1.1593076049079805e-09,260488076415380.28,401218098154710.7,238780736714098.6,7481911.818181818,7692172.707430727,6858419.166666667,2014-12-29 04:47:13+00:00,2014-12-28 09:08:18+00:00,1.3720081472938726e-09,274222.0
15GkaQNU7eHTJinRCBdaA7XUuUnEV1DgCk,93,709.5483870967741,957188055360.172,403140.79569892475,41445848936.779816,1.0767840938364127e-09,1007125351470996.1,1950680506550796.0,996411251987262.1,10209249.774193548,7858515.131258697,10100640.734042553,2015-02-01 08:40:05+00:00,2014-12-08 20:21:02+00:00,7.412842054634545e-10,5977.0
15HCzh8AoKRnTWMtmgAsT9TKUPrQ6oh9HQ,2809,1126.4072623709505,2439760823520.588,598146.3876824493,108081267628.63739,1.2724801594340877e-09,5045253908879680.0,3.4369198129500476e+16,5043458444855168.0,27385832.57280171,163836238.47356078,27376086.72491103,2016-08-16 09:01:19+00:00,2015-02-08 20:01:16+00:00,4.6168757671317096e-10,15561.0
15JtYVy8bAcJXmtQDSnfDan5eZ35uNeknJ,70,739.6285714285714,920033118095.6,417518.72857142857,44495001999.76593,1.247760865500067e-09,1225147755614169.2,3096524433476009.0,1207892153422420.5,10508627.57142857,8577631.782001557,10360618.732394366,2015-03-18 19:13:11+00:00,2015-01-15 11:45:11+00:00,8.039151600972229e-10,282735.0
15MD1jyiowAiEnCKL5e1M7z744NBzaV6Nj,57,2095.8596491228072,1835272516020.456,1225411.8596491227,17993181459295.35,3.031842849862123e-09,4419282790694939.0,4868820779373786.0,4343088259820888.5,68091506.71929824,56236519.89044561,66917515.22413793,2020-11-11 23:42:12+00:00,2020-08-12 17:38:50+00:00,1.1419882501522988e-09,10914.0
15MdAHnkxt9TMC2Rj595hsg8Hnv693pPBB,1506,2652.1746347941566,756641011198.3274,1595512.339309429,46652146582378.38,2.5065068361066913e-08,2061876162353701.8,3546429172757806.5,2060507963174966.8,25890738.563081007,40478330.54583994,25873558.2455209,2023-10-06 09:37:24+00:00,2022-08-07 13:11:19+00:00,3.505195456685311e-09,3158.0
15MxzsutVroEE9XiDckLxUHTCDAEZgPZJi,33,325.57575757575756,380014012676.6061,186897.36363636365,6744021094.63995,1.4188221898685384e-09,170647941403685.53,250741513417993.9,165628884303577.16,8276388.848484849,6604765.728433949,8032965.647058823,2015-06-11 03:30:52+00:00,2013-08-07 22:14:48+00:00,8.567467164765427e-10,504042.0
15QVHxorX61umBkRDejxcjDqq8V8yYv5uZ,26,660.1923076923077,743658292141.6154,320080.07692307694,54969266969.30767,1.0159082688274518e-09,726995632497339.1,1236065959309381.2,700069868330771.0,12495150.461538462,10946457.21692935,12032367.111111112,2015-11-05 08:18:15+00:00,2015-07-17 13:04:18+00:00,8.877629882819714e-10,1589022.0
15RSB5xKn5MLiARuroqbypq5B4qdYLQorv,15,135.73333333333332,3866233210626.0,90840.8,5908249.260089919,2.550610096330281e-10,823237026873499.8,2464380992438763.0,771784712693906.0,7294983.666666667,4192899.8646849534,6839047.1875,2013-06-02 06:48:23+00:00,2013-03-12 21:56:37+00:00,3.5107383838171546e-11,4033.0
15RzT1TM543Z6BmDfuXyd8FX8UymXy41cB,23,309.8695652173913,604910155334.8695,169316.34782608695,573306147.9130571,9.594791378593287e-10,307066423909173.94,475683188639571.75,294271989579625.06,9555708.608695652,8794342.043181611,9157554.083333334,2013-12-26 20:11:36+00:00,2013-10-13 17:41:22+00:00,5.122571715560834e-10,16303.0
15WoPCbiJD8f4w37dHwYcuts5xFvLocq34,45,620.6222222222223,564822501636.5555,368956.1777777778,29723853996.07827,2.107593713414057e-09,585213151996547.9,875095912095369.4,572491126953144.6,10239925.622222222,7585805.726794687,10017318.543478262,2015-05-10 10:52:09+00:00,2013-12-16 05:43:15+00:00,1.0987916034222941e-09,299613.0
15YURf8Tj2gNDBnHxxUqUxfptygSsE2Ty2,11,274.09090909090907,387921951202.2727,141213.18181818182,141453540.90968987,7.904326747241992e-10,193044289100237.1,327296957927757.44,176957265008550.66,88283467.18181819,245246368.4277983,80926511.58333333,2013-11-05 22:06:02+00:00,2013-06-05 06:31:56+00:00,7.065619984675496e-10,76281.0
15da5wUMa4kpnp9cusZcavR3aR89vkZT4e,15,316.8666666666667,628403185830.0667,194708.4,635122610.1411701,8.085380740789602e-10,355465063780453.8,595263044520742.9,333248497294175.44,8849974.733333332,9559088.27282758,8296851.3125,2013-12-22 02:15:15+00:00,2013-10-21 23:42:34+00:00,5.042410252075871e-10,195651.0
15hZo812Lx266Dot6T52krxpnhrNiaqHya,645,1648.5426356589148,1568504513712.932,837285.5240310078,431416203317.6537,1.802742573543145e-09,3145667173669548.5,3618055903179605.0,3140797719840339.0,104234823.46201551,88525838.620447,104073469.24613003,2017-07-28 06:41:02+00:00,2016-08-18 23:22:38+00:00,1.0510283019565679e-09,110091.0
15ikPd3KBehPNRsGsuLfvtbNefCZ9aBwEa,85,1953.2823529411764,661919053208.4823,1189079.8235294118,16135582268631.4,5.306291473347288e-09,1654551680690723.5,1804453228354869.8,1635312707659436.0,41985336.71764706,50295479.62262893,41497135.12790698,2021-04-20 17:26:11+00:00,2020-02-25 04:53:24+00:00,2.950938401717163e-09,32315.0
15jCaGJaAfT265bd6T3a7p5X8XpGn1UfzD,11,457.1818181818182,1349878829914.7273,197722.27272727274,636189662.5692115,4.222172748124678e-10,696492398477368.6,614041530117704.9,638451365270921.2,14086521.454545455,8577268.144032812,12912644.666666666,2013-12-05 00:34:36+00:00,2013-11-19 09:42:13+00:00,3.386835974090346e-10,15318.0
15kMSvA7MWJxWZWASRqXYgR6pAUcNUtoWz,17,147.64705882352942,192573726811.05884,111817.0,11756551916.903952,2.2380154378570555e-09,86176341098593.47,221388593906496.53,81388766593116.06,2377422.0,3412599.9221635987,2245343.0,2014-06-17 05:50:44+00:00,2014-06-16 07:47:18+00:00,7.667040632619182e-10,13107.0
15kNvZYY9HWg4wE7Fd73o96P5eKb96Yyfa,24,2322.5,746335798680.0834,1135290.2083333333,6384691810073.138,7.322131733001597e-09,2025140410381747.2,1898868332894911.0,1944134793966477.5,46625912.083333336,30786369.87253358,44760875.6,2019-04-22 01:35:02+00:00,2019-04-12 21:54:31+00:00,3.1118700243340984e-09,834294.0
15kiNKfDWsq7UsPg87UwxA8rVvWAjzRkYS,18,1040.5555555555557,401734350301.55554,620115.8888888889,4547069286333.943,3.4671974332843567e-09,600420349769196.9,739613982515638.6,568819278728712.9,25648590.0,30747346.01798403,24298664.210526317,2018-10-16 20:04:07+00:00,2017-08-04 20:52:00+00:00,2.5901582843848905e-09,127780.0
15mD6TXPtEpNuUjVNrPhjTfzSAwGvbBBAv,27,351.77777777777777,1017897310117.2593,177791.14814814815,68961513.6243912,6.648245352221778e-10,513618102739194.3,1048829577539677.5,495274599069937.4,19506163.925925925,28760902.28456963,18809515.214285713,2013-11-14 10:56:42+00:00,2013-07-24 14:09:03+00:00,3.4559259984413735e-10,74537.0
15pAPE6BdVM1XQfbHTKjipTLeooDufaWYJ,22,2073.7272727272725,1231934394341.7273,1167924.0454545454,19002204580884.05,6.857146346332051e-09,3125114363733300.5,4219595892462938.5,2989239826179679.0,39386711.5,25865764.371939234,37674245.782608695,2020-12-16 02:20:11+00:00,2020-12-04 23:31:35+00:00,1.683309827416053e-09,549.0
15rLkQjruGDKnQpm8Y6RdvRJJ9BNKzbvEw,12,53.833333333333336,1664363728176.5833,29692.083333333332,1514366.6565283304,1.4596965103627404e-10,164265285976358.9,450821672544188.2,151629494747408.22,3983828.3333333335,5878164.5945742335,3677380.0,2012-04-30 21:56:57+00:00,2012-04-26 08:46:30+00:00,3.2344692702664936e-11,1027533.0
15rQXUSBQRubShPpiJfDLxmwS8ze2RUm4z,39,632.3076923076923,589725717027.0513,360765.8717948718,48363723969.78723,1.2826688897319402e-09,558845806513099.9,705743514413392.9,544874661350272.4,9044986.384615384,6843508.354502772,8818861.725,2015-04-26 04:40:33+00:00,2015-04-09 01:59:29+00:00,1.0722064072350565e-09,1862.0
15uJubohqL9sm4uPNUcbiabLG7J3mjzfZD,191,638.6020942408377,622416853773.6807,374850.0680628272,43651471690.33576,1.3914526165087127e-09,666152158325690.8,1146411533380213.8,662682615834411.1,9375484.821989529,8059853.147725377,9326654.171875,2015-03-15 12:40:56+00:00,2014-12-22 22:29:56+00:00,1.0260038595822506e-09,8755.0
15urYnyeJe3gwbGJ74wcX89Tz7ZtsFDVew,5603,1172.7651258254507,1613236650696.2585,620825.1243976441,127252910315.89198,1.2524042238183142e-09,3012912225012989.0,1.0683284743411202e+16,3012374588998533.0,25432248.137069426,22559272.274730667,25427709.905781586,2016-10-30 02:10:25+00:00,2014-12-26 06:01:56+00:00,7.269640974988361e-10,496103.0
15xWuDHSyKzpvp6FacGKXijBeaaaYhKWSi,18,8.38888888888889,22979760748.72222,8261.166666666666,1398240.1735484288,4.788057406799834e-10,257337462282.0,347331123665.4436,243793385319.78946,2437976.1666666665,2572479.9995234227,2309661.6315789474,2011-11-20 12:20:13+00:00,2011-06-06 19:47:24+00:00,3.650555365053289e-10,2083453.0
15xiShqUqerfjFdyfgBH1K7Gwp6cbYmsTW,263,375.4980988593156,447888929227.2205,186231.51711026617,6403189913.206811,1.4765737287313052e-09,253668658134053.22,425004678311778.1,252707792004757.56,7075016.730038023,6381478.280824097,7048217.424242424,2014-06-20 02:40:39+00:00,2014-02-20 12:23:20+00:00,8.383732536260568e-10,45163.0
15xx9bfN3nveo3kWdifZhp1FDwDjgbYPp8,11,235.36363636363637,622738226361.6364,105043.90909090909,113517236.12523685,1.0187203340324348e-09,261346486150482.1,517185272021850.2,239567612304608.6,11494932.0,8351600.838090911,10537021.0,2013-11-15 15:16:54+00:00,2013-07-06 10:46:45+00:00,3.779495563308427e-10,25103.0
15ysGunoijFCj17NahjjZTCxYUpF4xwroJ,15,194.13333333333333,157969160149.86667,170028.06666666668,35002482026.13323,1.7709569524833074e-09,85983506469516.06,174348709151042.7,80609537315171.31,3467702.3333333335,4746149.472528572,3250970.9375,2014-10-13 03:54:56+00:00,2014-10-12 07:34:29+00:00,1.2289318570103013e-09,79213.0
1625FRGyTedxFmpY5tvtNoCzT1V26CxwgH,77,1232.2987012987012,720970843295.013,752283.4415584416,3794189064623.958,2.895196968722332e-09,1259644985943302.8,1533769112515515.0,1243495691251721.8,21993537.974025972,22581863.59363903,21711569.53846154,2018-06-08 09:01:52+00:00,2018-02-09 20:11:03+00:00,1.7092212712330987e-09,132684.0
162yoHmpvqCq5SztkKaiEd5LiPyxcPLYzu,15,749.9333333333333,52987473900.066666,365734.0,6683478976203.6455,1.0741286841596263e-08,103049455995669.33,221023229379396.03,96608864995940.0,1814149.8666666667,2679162.860088839,1700765.5,2020-02-08 20:56:48+00:00,2018-04-17 16:37:38+00:00,1.4153030483160847e-08,3905246.0
164iYXYqoEsfkPWPKZ9ctiew4EcXDwdfhw,10,361.5,434818923563.8,154522.4,56808694.42469877,1.0551519092841005e-09,251305070955428.8,422351211757329.56,228459155414026.2,20640121.0,14972053.133451693,18763746.363636363,2013-10-09 11:04:18+00:00,2013-06-28 18:04:19+00:00,8.313805596065737e-10,120590.0
164oEUQK8yZxSRTH4vMcs2LzyXruk6fXBs,34,115.58823529411765,145109574384.52942,82934.32352941176,4535519099.524878,1.5256559531851355e-09,26941570076549.41,45210131006864.78,26171810931505.145,1968042.205882353,2314353.119948413,1911812.4285714286,2014-06-01 20:47:41+00:00,2014-01-12 03:50:07+00:00,7.965582959248268e-10,52283.0
165GCEAx81wce33FWEnPCRhdjcXCrBJdKn,78,1480.8846153846155,1080387287426.6025,862065.358974359,3597782018748.1387,3.2390091203943395e-09,2221035828556380.2,3252780875416593.5,2192921450979717.2,111566549.20512821,192494373.58282533,110154314.40506329,2018-09-26 22:25:30+00:00,2017-09-25 09:24:02+00:00,1.370697927140522e-09,3176.0
165s1GaSyKXS1LVbFQLb5N6oDQWAhQnkER,32,222.53125,12003242139491.875,100057.65625,2899640.0476304623,1.9738870485599277e-10,2905793668985469.0,5724695542793388.0,2817739315379848.5,15757354.59375,13839255.565927668,15279859.0,2012-10-14 09:55:35+00:00,2012-09-13 05:41:48+00:00,1.8539261927229628e-11,55090.0
167ApWWxUSFQmz2jdz9xop3oAKdLejvMML,407,1849.2260442260442,1793312735446.7075,972708.6781326781,643001401672.7477,1.908548975976312e-09,3704726248150567.0,3811489026498301.5,3695646036758041.0,171176938.82309583,109011564.58175729,170757387.50245097,2017-09-25 03:51:56+00:00,2017-01-02 12:44:47+00:00,1.0311787830834809e-09,391825.0
168zEQNdH5NzbzBqd8oXPTsnde2wrSiPuY,13,1020.3846153846154,1284832350412.6924,512482.0,130823860744.39777,1.6138265854660685e-09,2310667552901175.0,3401588124836596.5,2145619870551091.2,21658259.46153846,20175519.233624738,20111240.92857143,2016-03-04 05:56:41+00:00,2015-12-28 16:41:34+00:00,7.941772442582602e-10,147815.0
169kP3iVQPXn26rmb6WLvtSRA8izrrCa7z,193,367.76683937823833,616326261098.6683,206682.0103626943,2035560747.8279757,1.1019531194165551e-09,371675337882789.1,1121721007577147.2,369759485625661.4,18949458.78238342,144987081.60015112,18851781.159793813,2014-07-01 13:18:38+00:00,2013-11-28 11:23:46+00:00,5.967080466807533e-10,197146.0
16EW6Rv9P9AxFDBrZV816dD4sj1EAYUX3f,1508,965.9210875331565,1216294435303.2295,582994.1657824934,60435756866.054,1.2748243952936996e-09,1882357242457245.2,3271426433515725.5,1881109822150779.2,19925165.842838198,21772403.441168055,19911961.624254473,2015-12-16 15:21:04+00:00,2015-07-06 19:16:30+00:00,7.94150708493825e-10,83775.0
16GsNC3q6KgVXkUX7j7aPxSUdHrt1sN2yN,32,1821.3125,1422886279498.875,929883.34375,1343679416578.919,2.4901556859370316e-09,2959575063506761.0,3298081886233035.0,2869890970673223.0,165960035.96875,135590291.59518093,160930943.96969697,2019-06-02 07:05:12+00:00,2016-11-15 13:41:04+00:00,1.2800126940864497e-09,6514.0
16Ht88dWqJ9KZawSborViTLE8nppJnt1at,15,83.06666666666666,1219623124768.2,42839.0,1441997.3926297734,2.522129256940097e-10,328275455555536.7,860811189641170.5,307758239583315.6,6998062.666666667,8244912.369401012,6560683.75,2012-05-28 20:04:59+00:00,2011-12-10 17:22:44+00:00,6.810847136278611e-11,505319.0
16JHXJ7M2MubWNX9grnqbjUqJ5PHwcCWw2,211,1882.345971563981,1608528444370.4219,1202850.2464454977,19677310084278.45,4.482923122001499e-09,3357346617639100.0,4541146268353090.0,3341510076989859.0,54368112.91469194,61439149.355374254,54111659.55188679,2022-05-09 12:00:19+00:00,2020-07-07 14:14:30+00:00,1.1702285888396157e-09,1392155.0
16LiX6VnHLSCwRG7CT3WqzFh8jXoRAiu1b,1560,102.61666666666666,1143272563727.157,49911.58076923077,1550523.2224744763,2.5355008001828774e-10,246641587137663.88,829561318447944.4,246483584839689.72,8386096.28974359,25729033.901714426,8380724.030749519,2012-07-05 19:18:06+00:00,2012-02-11 04:06:40+00:00,8.97569572842091e-11,5943.0
16MdTdqmXusauybtXTmFEW4GNFPPgGxQYE,51,1003.9411764705883,721884275625.902,482782.3333333333,1604675929864.4036,1.7720342109837137e-09,1494966794069595.2,2257818334074170.5,1466217432645180.0,82795109.98039216,116852964.14070596,81202896.32692307,2018-08-24 06:56:12+00:00,2017-08-02 23:34:59+00:00,1.3907231537910034e-09,272134.0
16P5WNtL5pJk6bzphAzNPbvBMLwbi2LKxd,98,349.6734693877551,408525178984.80615,186551.29591836734,16871857055.750559,1.3272535686248339e-09,331988661723771.94,817549284658206.9,328635240898279.25,8490046.632653061,12194678.536972139,8404288.585858585,2015-06-13 09:40:55+00:00,2013-08-18 07:20:57+00:00,8.559410469060957e-10,195003.0
16UZP8BceDPs4J5me5SAJVCHbmVBbEcXMD,10,540.9,721769866237.7,296797.8,39603666252.41841,1.50236558485444e-09,734807011568673.8,1251962385143616.0,668006374153339.9,7544759.3,8351169.152369546,6858872.090909091,2014-11-06 07:49:04+00:00,2014-11-05 10:54:40+00:00,7.494078449402399e-10,134099.0
16Vd9aCYEbP69TzQP7KE7DoFxkg4BjJ8eS,50,220.28,2603524815376.26,96583.0,2443706.1331631495,4.01195839496908e-10,1128619608127074.2,4913280023465777.0,1106489811889288.5,15076867.3,12838474.421164876,14781242.450980391,2012-11-03 13:16:12+00:00,2012-07-10 11:20:08+00:00,8.460837350158511e-11,358923.0
16WZkaezBF2bq25gD2EUvqPwCKNDVNhmEi,158,78.14556962025317,765083307517.8102,39419.6835443038,1566005.3558542454,2.670736051077017e-10,121160602189839.19,421296537444513.06,120398585823865.36,10234906.462025316,35711310.05241411,10170535.981132075,2012-05-22 23:43:00+00:00,2012-03-03 03:19:25+00:00,1.0213994848977154e-10,193210.0
16YJpYpyaU3f6YsesCA8AQkNEG9RaV38ZY,14,261.64285714285717,433618242499.0,123045.0,117108808.66211508,8.500714941395605e-10,200705420398908.84,454116776165557.75,187325059038981.6,12470528.357142856,11607168.774621906,11639159.8,2013-10-31 22:33:19+00:00,2013-06-27 23:58:13+00:00,6.033944873605278e-10,144299.0
16aCWzQW4EiDKuzqfFZDtZ7B8Jo5uNG2mt,10,781.9,931172252949.0,452770.1,37017759329.07357,1.423282482415377e-09,970038181426075.6,1300083707205874.8,881852892205523.2,13095537.1,9084750.08587921,11905033.727272727,2014-11-27 19:57:12+00:00,2014-10-07 11:00:27+00:00,8.396942644325382e-10,216755.0
16bLtQfoZcg988UqP9B6xCNctVKbpdcwRD,13,345.53846153846155,418809035085.3077,226890.84615384616,35985640265.07623,1.581136719005569e-09,202191375338807.06,453203696981445.25,187749134243178.0,5022154.692307692,5857576.5915894965,4663429.357142857,2014-10-31 05:37:23+00:00,2014-10-30 07:34:29+00:00,8.250501603148996e-10,85691.0
16cAnxj2XRngJ5d1BaZdPJUYWddGr9GZaB,512,733.84765625,711882882755.8828,438267.810546875,48128750541.1535,1.4259265961948499e-09,828817357741479.8,1318739147146847.5,827201729363816.0,11844778.15625,12005337.25922447,11821688.920077972,2015-07-18 06:02:21+00:00,2015-02-25 07:23:57+00:00,1.03085447624346e-09,103309.0
16cb8ErTs5vK7ix4MojtciBCbj4S7A6GxC,32,405.03125,274282247319.78125,240983.6875,18648933772.07259,2.8035504218920914e-09,201810462154158.56,435117060527163.06,195694993604032.53,6672005.46875,6823963.092400582,6469823.484848484,2014-08-08 02:28:38+00:00,2014-07-24 15:19:55+00:00,1.4766950976881147e-09,234176.0
16ccjkuuQjQ64H9qssmXnj695DdBDR75wJ,56,15.321428571428571,44121910939.85714,8408.732142857143,1742808.50752663,4.686589921705274e-10,1860698155988.6606,5692984298815.14,1828054328690.614,3618156.0714285714,4464564.210674885,3554679.649122807,2011-10-27 09:36:00+00:00,2011-07-06 20:45:14+00:00,3.472521530700089e-10,162772.0
16cv7wyeG6RRqhvJpY21CnsjxuKj2gAoK2,65,211.95384615384614,831862955939.2461,88395.63076923077,220722948.13230345,8.289963904885807e-10,367173594963869.56,1722808294184100.2,361610358676538.2,31369286.876923077,154072999.75061363,30893994.651515152,2013-11-20 15:11:05+00:00,2013-08-21 05:15:17+00:00,2.5479418772113934e-10,27727.0
16dQQStQZZmsYb6Rf6UupLzTbtTumL2e45,11,175.54545454545453,191277017325.36365,85011.09090909091,65268304.938734055,1.3024578816883417e-09,47364251030224.18,60420890502960.75,43417230111038.836,9885658.727272727,7480532.196772755,9061853.833333334,2013-10-05 00:10:29+00:00,2013-07-04 12:09:17+00:00,9.177550810866649e-10,438275.0
16dRhawxuR3BmdmkzdzUdgEfGAQszgmtbc,106,876.7735849056604,810820746910.1415,546846.4245283019,49356172678.159775,1.7148235929549536e-09,1012757847557254.0,1509363952009747.2,1003292820944569.4,16713722.132075472,15756639.801523643,16557519.121495327,2015-08-08 22:18:16+00:00,2015-03-27 07:15:37+00:00,1.081340836734692e-09,348405.0
16fQsshcYFUe6FbyGPMmUJnMBYjgLZL3vR,10,724.5,632379236961.4,405290.3,50396280376.83512,1.256716069655286e-09,768902387096707.2,1220743302659536.0,699002170087915.6,11457488.4,8638601.117094059,10415898.545454545,2015-08-02 15:43:07+00:00,2015-06-13 03:21:22+00:00,1.1456732885178882e-09,26112.0
16izFYtWyCgJknpRTQmX2bm4DAawGHxRax,11,177.36363636363637,95928745375.63637,133762.9090909091,11756551916.903952,2.8982258559000255e-09,105408242011983.0,343023175385496.6,96624221844317.75,3082390.727272727,7583733.076641043,2825524.8333333335,2014-06-10 05:05:46+00:00,2014-06-09 08:02:08+00:00,1.848910205894161e-09,83733.0
16jnC5hVyjk4gE6BJtLqkkyfZHqXCB5PBu,216,383.7083333333333,513852153300.4537,137591.27777777778,45318514862.3955,1.2471536406959164e-09,314064838789399.1,575382783906902.6,312617535384839.7,5411914.638888889,4443559.944979336,5386974.940092166,2015-03-10 20:32:59+00:00,2015-01-30 01:37:55+00:00,7.467290559527457e-10,68362.0
16kUc5B48qnASbxeZTisCqTNx6G3DPXuKn,157,1878.2101910828026,1436087283804.745,985218.4331210192,1373698263532.6028,2.2937774302910636e-09,3029877953423105.5,3372258821336563.5,3010701510679921.5,208297165.4522293,168612926.8789838,206978828.9620253,2018-01-30 17:04:24+00:00,2017-08-03 09:58:07+00:00,1.3078663200099542e-09,9021.0
16moWjUJVRnDQKqhoCdcszfJg9wzBdoTHw,25,2290.4,690962682652.4,1219585.08,15993729566246.652,5.482397720979748e-09,1797630202206480.0,1815141122561376.2,1728490579044692.2,46720526.2,31347932.823925287,44923582.884615384,2020-05-09 21:31:44+00:00,2020-04-24 12:31:35+00:00,3.314795512845696e-09,1849847.0
16oZmpFVHpXVgyegWYXg4zNFhXVxYJemmY,442,1856.2601809954751,1680659610890.3325,966971.2873303167,857843737252.6831,2.0323000749578615e-09,3424681622523144.5,3326469467951437.5,3416950964233024.5,170169716.18552035,107267943.22055438,169785585.9006772,2018-10-20 23:00:16+00:00,2017-01-18 02:05:52+00:00,1.1044831261293402e-09,94608.0
16osefsZzzDCh86QutVadGtbwik8fviSBk,10,443.1,441284105175.3,394666.4,44455415962.3438,1.6849865616254204e-09,372958976107011.3,723192669459319.5,339053614642737.56,8002193.4,8429038.546809638,7274721.2727272725,2015-02-14 03:27:46+00:00,2015-02-13 11:39:29+00:00,1.004115024319715e-09,160913.0
175G7DcJ96dkbCsm8AbnRbSgQoTkHAj9aN,32,346.78125,641782753695.0938,156551.1875,1095744341.2514622,9.868424898617996e-10,364658718419419.1,729100898318396.1,353608454224891.25,6980831.0625,5779617.18297583,6769290.7272727275,2013-12-30 05:41:48+00:00,2013-12-14 12:05:10+00:00,5.403405560579355e-10,167028.0
17DKmhXH9pnTWVuYDeEwqx79M7be9q1fG2,14,256.7857142857143,153492190583.64285,141976.92857142858,35002482026.13323,1.3667015663583363e-09,77320995717498.64,123664885523749.02,72166262669665.4,3690574.285714286,4774076.543391506,3444536.0,2014-10-19 05:24:37+00:00,2014-10-18 09:25:41+00:00,1.672956215617911e-09,428050.0
17HzvxMhoke5K3oavLzPGkLy4zd35KjWEb,1121,1803.7680642283676,1667895648855.0303,1206050.5762711863,19341150009454.953,4.962382072360974e-09,3564200315974029.0,5435005327915461.0,3561023666851057.5,41771654.74665477,48778118.92755388,41734425.10784314,2021-10-13 04:38:37+00:00,2021-02-07 15:28:19+00:00,1.0814633789989262e-09,7831.0
17JJ3oZyF4ShQMGukDjpMWhmooCjEvoVVB,586,400.24914675767917,495296205918.5358,215095.26279863482,42327882948.50768,9.916959757869742e-10,425580253639293.75,1083112466844783.8,424855244689312.0,6998630.443686007,9764778.37847375,6986707.734241908,2015-08-24 11:18:52+00:00,2014-07-15 15:56:24+00:00,8.081005708804287e-10,53775.0
17JkL94B2ngJg4QQZuiozDQjnxXB6B7yTc,18,331.05555555555554,296651277171.55554,257443.11111111112,4982806202.020418,1.87574449295881e-09,140713597596997.06,177906731001700.25,133307618776102.47,6535794.444444444,4274122.265000015,6191805.263157895,2014-05-03 02:05:21+00:00,2014-03-21 10:22:45+00:00,1.1159754938931335e-09,94591.0
17Q5ZBy5N9ke2dU1X7gGGT2vWfKJEm3gW4,11,9.636363636363637,41913014152.90909,4881.0,1569558.2492010617,4.2410846586448623e-10,447540236815.4545,527091540679.2778,410245217080.8333,1945693.9090909092,1872016.1012496368,1783552.75,2012-01-07 11:37:12+00:00,2011-07-26 20:58:03+00:00,2.2991340115048248e-10,1099268.0
17SRBEyF8W5cL6F9TeqHrzhM3Nwx3ZpjVK,222,143.3963963963964,1488219948208.063,68535.34684684685,1557960.3651270566,2.95660258245078e-10,463218958065775.25,1938566567887285.0,461141743007184.4,10451121.00900901,16436272.70342346,10404254.995515695,2012-06-14 18:02:06+00:00,2012-02-11 05:02:01+00:00,9.635430338711509e-11,319023.0
17Su3J2RWnm2WLqf8pfpgj4hFUf6MFH9SZ,97,156.23711340206185,1559869215339.567,74849.44329896907,1589746.0872351103,2.4061397897808004e-10,415427104907965.25,945246738927232.9,411188052817067.7,12281488.0,24133390.680480927,12156166.693877552,2012-07-04 14:21:18+00:00,2012-03-09 11:33:09+00:00,1.0016039284937789e-10,1419457.0
17TuBLgMjmMRJJwurWVAjUN5pkGgKEu12E,22,299.6363636363636,370831647380.2727,88194.36363636363,49402014931.22746,9.688901020962258e-10,232304672670997.0,470278187906929.25,222204469511388.44,5658228.318181818,5536838.301085191,5412218.391304348,2015-07-08 05:21:29+00:00,2015-07-01 07:17:24+00:00,8.080118451408727e-10,142549.0
17Vo2AoFSziC5pwWQeCeXkCZ9QndCueZGd,13,241.53846153846155,243693841367.23077,135649.6923076923,3301482343.072354,2.1885038205044066e-09,77478173201574.31,135404865838687.81,71944017972890.42,4456679.0,2656215.2650419734,4138344.785714286,2014-04-04 14:44:36+00:00,2014-01-23 00:47:59+00:00,9.9115537833588e-10,49976.0
17Vs8VirSPUVp1RmMFrSfkgK8smWh52Pyh,12,586.3333333333334,491540212672.5833,438877.3333333333,40324212643.92388,1.271962875526719e-09,371300008859903.8,402468662523403.56,342738469716834.3,8670079.166666666,7173787.897442046,8003150.0,2015-01-06 03:35:20+00:00,2014-12-07 08:39:37+00:00,1.1928491672031157e-09,30511.0
17XcnEcWAZcma17NfYByygLXoj2P5kXxpa,32,868.46875,1009730120939.4688,431107.8125,57536073411.67884,1.5738902138021582e-09,1464319950654509.8,2264926858505960.5,1419946618816494.2,14058902.71875,10919458.529347314,13632875.363636363,2016-08-20 23:46:04+00:00,2014-12-28 11:32:55+00:00,8.600998742039735e-10,15575.0
17aVLmgjDLxnVLufEDqSNMB2w52qnvARuJ,17,2156.176470588235,1679637867476.7646,1410715.6470588236,18805096782596.793,4.368721820039762e-09,4004012251698648.0,4527655905791373.0,3781567126604278.5,77213840.88235295,40582035.18521928,72924183.05555555,2020-12-28 22:16:22+00:00,2020-12-08 12:21:52+00:00,1.283715086649809e-09,13264.0
17dYbpjLznJuFisDvmrahJtu2D28kvq9Ck,12,202.0,325963966575.0,100798.41666666667,66898914.36180452,1.0507231293478146e-09,101077739269449.17,126573908542399.95,93302528556414.61,11350491.666666666,9418732.60108876,10477376.923076924,2013-10-29 00:49:58+00:00,2013-06-04 17:54:48+00:00,6.19700398551637e-10,8509.0
17dn91RZRy8efwLWgXUdemTCKXGLRzNBhV,46,422.0869565217391,756182889073.5,239984.63043478262,775558981.3907499,8.880213279051538e-10,525313819350821.4,950186303028779.1,514136929577399.7,12496785.304347826,11005443.99305342,12230896.255319148,2014-04-05 11:55:01+00:00,2013-10-21 20:19:23+00:00,5.581810467027281e-10,63507.0
17gTe7MtFjkKo1wdTZfhkjTYqdJBV2wz3A,11,8.090909090909092,47325510846.90909,6525.090909090909,1130202.9087685926,3.3038599682863224e-10,423831927571.1818,604001080359.9696,388512600273.5833,3146397.727272727,4827298.547111378,2884197.9166666665,2011-12-25 18:16:04+00:00,2011-11-12 09:16:48+00:00,1.7096295309060617e-10,445314.0
17gVZssumiJqYMCHozHKXGyaAvyu6NCX6V,251,1867.6573705179283,1631023155289.1792,981616.3984063745,1304249138747.8706,2.149927856591406e-09,3423619658795266.5,3551407271618518.0,3410033866498460.0,197546077.0876494,161588926.79499733,196762164.08333334,2018-01-31 11:48:47+00:00,2017-07-31 23:15:41+00:00,1.145083296004338e-09,18708.0
17gdTQzKFwrKP1zgqb5Kjuw6CpGKaE6Jrw,454,1702.0374449339206,1530199030119.7842,878614.7555066079,463141179982.2437,1.8866869998187702e-09,3044676176060316.0,3562274635639575.0,3037984580068975.0,126113092.09251101,103661688.17048264,125835920.46153846,2017-07-30 17:08:26+00:00,2016-08-16 19:55:35+00:00,1.1122980811199998e-09,701.0
17gqvUeRQmjnJZbdHCYeHt53Db7xqn8Hyt,10,933.2,998074383190.0,501936.3,110150715966.42313,1.112952672718336e-09,1482057820032955.5,2494951473266269.0,1347325290939050.5,16911006.4,14288100.409733409,15373642.181818182,2016-04-04 10:17:45+00:00,2015-09-22 02:32:43+00:00,9.350004525888629e-10,150383.0
17judvK4AC2M6KhaBbAEGw8CTKc9Pg8wup,17,1041.4117647058824,1130632909458.1177,545324.7058823529,101256822393.34535,1.716670013964419e-09,1928976698263848.8,2891282846819217.5,1821811326138079.2,20078278.23529412,14772802.563171709,18962818.333333332,2016-01-22 00:12:20+00:00,2015-12-23 17:57:14+00:00,9.210874334137359e-10,137905.0
17kSkaNptXsRmJPABthcPttxbMLypD2z6f,20,147.15,3034166418311.8,83494.5,6664254.874170847,6.159121822523447e-10,1430065552756713.5,5815301700616566.0,1361967193101631.8,55998794.8,203213819.98362622,53332185.52380952,2013-06-23 00:09:16+00:00,2012-03-10 01:28:49+00:00,4.8497669446184756e-11,38746.0
17kkmDx8eSwj2JTTULb3HkJhCmexfysExz,189,412.6984126984127,554141522898.4392,140050.68253968254,47717078800.18604,1.0627011789684871e-09,347818680127716.25,544719892857668.5,345988055495465.1,6623705.814814814,5684566.137049693,6588844.205263158,2015-05-16 05:20:19+00:00,2015-03-11 06:37:31+00:00,7.447527312874736e-10,310692.0
17mvpNCRmkgk3XCyxPhD8rQ1T7GUhYmgnT,10,452.9,979553122275.1,232356.4,609482679.8883545,6.205985702367313e-10,547326561412767.0,889622034163440.2,497569601284333.6,10354118.7,5990446.649498369,9412835.181818182,2013-11-27 23:47:08+00:00,2013-11-20 21:48:25+00:00,4.6235368935183333e-10,167677.0
17tUZLvy3X2557JGhceXRiij2TNYuhRr4r,425,1781.3435294117646,2659832966278.546,1132793.7929411766,22630834415855.26,3.4275605501212972e-09,5950831474765400.0,1.010398425213962e+16,5936862386796467.0,8485969.689411765,6829823.893583459,8466049.572769953,2022-02-27 15:28:36+00:00,2021-10-13 11:15:21+00:00,6.697200734014877e-10,201393.0
17uRC6M1SDzdfcSr5niPsaQM5E4t2YcVd,27,638.2962962962963,1054815414379.0,343135.962962963,79080244321.85097,9.624978278478642e-10,1381219962505039.5,3734302587185364.5,1331890678129859.5,12276577.592592593,13516284.632785778,11838128.392857144,2016-04-07 20:16:04+00:00,2015-05-10 14:32:04+00:00,6.051260605364585e-10,271559.0
17uvG5teUQeYmj5Sa6whsWaWtM6TjbsVFn,129,1056.8682170542636,1101474211790.814,544510.6976744186,3557519167805.577,1.8406913026734053e-09,1900311064865685.0,3511622921924298.5,1885693287443641.2,78341111.9612403,127330552.01361553,77738488.02307692,2018-10-13 01:36:03+00:00,2017-07-08 09:58:42+00:00,9.595033689767203e-10,853205.0
17uzX2Jtpv1afSQ7PrCcKtEDc8RP8LtWUD,52,410.63461538461536,326172973508.2692,251677.17307692306,3076195484.2335644,1.7479501055376092e-09,218628471221479.94,339518778821899.94,214503405726735.03,7782427.365384615,6551319.32793672,7635589.113207547,2014-04-03 19:05:52+00:00,2014-01-04 14:09:06+00:00,1.2589473952053382e-09,11381.0
17w9uVZuPgsY7iLBVGB7qTZ1ZiZnTJKHLq,209,209.64593301435406,2208492349018.1196,99235.72248803827,2759102.863658854,5.603883895647781e-10,884079681227089.8,4091388695801877.5,879869777983151.2,18073766.818181816,34408966.06925489,17987701.26190476,2013-05-12 20:44:29+00:00,2012-03-26 11:14:35+00:00,9.492717197211989e-11,122269.0
17wqvgUuKPBesXbGDBMKfPdwtdfQXzCuKG,11,628.0909090909091,735698445304.7273,392762.45454545453,48148661435.2352,1.4374354513837284e-09,447287091080019.75,432620811568539.94,410013166823351.44,8404091.090909092,4048322.293504544,7703750.166666667,2015-06-27 02:20:53+00:00,2015-03-10 15:06:29+00:00,8.537341802193873e-10,379261.0
17yN2vB4KuS2MJRzDDHURcxbjxhVNh2ayA,11,227.8181818181818,191333921341.0,143938.54545454544,12945820404.711351,2.1529220192961793e-09,130477980724790.81,318279452816838.7,119604815664391.58,4240191.545454546,5485191.822386677,3886842.25,2014-09-03 21:42:44+00:00,2014-03-28 22:56:34+00:00,1.1906837021970542e-09,56108.0
1811f7UUQAkAejj11dU5cVtKUSTfoSVzdm,2870,229.95574912891985,1881135363386.738,106153.53240418118,2157531.2905138917,4.0523434905375563e-10,629043552456819.4,1956501923918289.5,628824449861049.0,21211285.858188152,197717876.91373247,21203897.740508534,2013-03-22 12:25:56+00:00,2012-02-08 23:40:36+00:00,1.2224306320780372e-10,258973.0
181uJF3Hf2LSMkigLoifmMiVQ53LU9akWQ,14,1282.0714285714287,1329375213040.1428,672362.4285714285,925027670595.8971,1.0600084076928943e-09,2359931790947296.5,2272618717009567.0,2202603004884143.2,133575873.85714285,147885988.54158717,124670815.6,2017-11-13 06:59:24+00:00,2017-07-08 11:54:55+00:00,9.644165289041796e-10,205368.0
1829SCzm1dYVvDsvUeLuMyAhuMwjPuYxw3,10,581.4,594054133438.5,302252.5,43971662056.08958,1.5784051377594731e-09,832288028800981.8,2006634307198455.2,756625480728165.1,8361254.5,9296168.77472532,7601140.454545454,2015-01-19 05:49:04+00:00,2015-01-18 12:16:48+00:00,9.78698686321303e-10,172268.0
182CLivd8QZa7iX8s2szx3C6ZZBz66eJVm,14,759.3571428571429,1083917016807.4286,351386.5714285714,40188465912.78704,1.3005074844737623e-09,1718608766329567.8,3153124334967394.5,1604034848574263.2,10496130.42857143,11041638.355910417,9796388.4,2015-01-02 02:27:39+00:00,2014-12-03 10:19:20+00:00,7.005675998092132e-10,337226.0
187b1MZr73iuPGnABu6d4eSYmt2NQHkTqt,133,411.1278195488722,519988710006.2406,202030.53383458647,25811044452.892128,1.7836133723359836e-09,335225515499368.0,784080845281132.2,332723832547880.2,6440774.661654135,4358506.91019764,6392709.179104477,2014-12-14 13:48:42+00:00,2014-06-20 20:50:21+00:00,7.906475883754055e-10,32851.0
188c9Hn9mV3v9bFaFHUoN1VRYZEGfNqbu4,25,689.28,1148078830814.12,415453.2,41161854228.23436,1.3297041829056897e-09,1863570459382082.0,4498738356963797.0,1791894672482771.0,11493278.68,10397627.904758506,11051229.5,2015-04-26 04:09:31+00:00,2014-10-27 06:55:11+00:00,6.00376891812578e-10,510226.0
18BjFdiThEtu7D8hF3yURRPyPh9gNkRcBB,26,1535.5,2515331020159.5,977478.7307692308,828089221050.7854,1.160947598383693e-09,4271782268519611.5,3961322421453582.0,4113568110426292.5,136596854.84615386,76978492.93885761,131537712.07407407,2017-08-01 10:35:22+00:00,2017-07-18 22:04:27+00:00,6.104564320534767e-10,149216.0
18DTnMMTLVjY8Dnh16xRESP3SMLK6UZY7L,11,1428.7272727272727,2265921000202.636,702756.1818181818,79246661753.02055,1.0232819551658376e-09,3999680175708826.0,3673895448322831.0,3666373494399757.5,23033916.09090909,13587437.845114078,21114423.083333332,2015-12-22 13:21:55+00:00,2015-11-27 14:44:13+00:00,6.305282808180448e-10,511251.0
18EPLvrs2UE11kWBB3ABS7Crwj5tTBYPoa,333,1649.78978978979,1441126064450.1052,784398.3033033033,380374654116.1336,1.7755639201036868e-09,2889632418931051.0,3438850873486436.0,2880980824862395.0,93140311.22222222,80488329.32602309,92861448.01497006,2017-08-11 18:16:42+00:00,2016-09-13 08:42:33+00:00,1.1447921389301256e-09,242233.0
18Eg4ChTTnfcQ4p3WnzAyjtkhuvWig3pSL,10,691.6,730909079395.2,324174.1,40134167220.33231,1.2090998699088035e-09,1070277816680878.4,2016748037955484.0,972979833346253.1,8938641.1,9498122.851298245,8126037.363636363,2015-01-08 14:48:34+00:00,2014-12-10 10:40:44+00:00,9.462189203782683e-10,46074.0
18HEMWFXM9UGPVZHUMdBPD3CMFWYn2NPRX,193,1908.041450777202,1660980631021.855,921703.9015544042,431540907899.4883,1.7294090959795968e-09,3466606690427213.0,3081373329425741.0,3448737583775526.5,120079802.46632124,88319264.89244547,119460834.41237113,2017-08-19 22:32:25+00:00,2016-10-26 18:04:55+00:00,1.148743949893836e-09,706543.0
18HaPa8WwqbVNeC4JpjAoxMbwSGbU5pS9C,38,2048.0526315789475,1713722325413.0789,1029717.9210526316,1609364795231.0437,2.6510186775130266e-09,3825012321236602.0,4762557268117062.0,3726935082230535.5,285081693.57894737,209195675.48601142,277771906.5641026,2018-01-22 03:00:06+00:00,2017-10-26 00:41:52+00:00,1.195090127034017e-09,59548.0
18JY8Nu2pjp418zpP3B6VUbDHY4F8z7N4N,26,380.2692307692308,415016341438.1923,254894.07692307694,3439847705.31672,1.800537178063214e-09,194918332423173.62,271072239305058.88,187699134926019.03,8051021.846153846,5881792.640129747,7752835.851851852,2014-04-29 01:48:50+00:00,2014-01-15 03:46:06+00:00,9.162753193077908e-10,443367.0
18M9o2mXNjNR96yKe7eyY6pfP6Nx4Nso3d,82,726.0121951219512,1602125573245.561,363507.0731707317,59709567905.76728,1.2064368326366396e-09,2156126214300717.2,1.024233984975773e+16,2130148790032034.0,12856618.878048781,11380273.02537956,12701719.855421687,2016-03-02 12:53:06+00:00,2014-12-15 20:54:32+00:00,4.5315561229773455e-10,71618.0
18S5rWP32stYeJ5d9E8MmrRnez1GpN9eYa,15,1537.0666666666666,1131696430887.6,729335.1333333333,222561332165.13156,1.4310252321882542e-09,2342433240396443.0,2275843639371179.0,2196031162871665.5,41238906.266666666,24420566.12136007,38661474.625,2016-09-19 15:17:52+00:00,2016-08-28 09:41:42+00:00,1.3581969728941628e-09,611740.0
18Sk28g3jSKHM3ZpKiacGsnd1M74nMfpvZ,22,133.8181818181818,892599268102.091,57080.40909090909,1621600.4290112155,2.9998878004035893e-10,233178476627060.88,495419814584632.9,223040281991101.7,10072806.363636363,13679412.213478029,9634858.260869564,2012-05-20 18:02:50+00:00,2012-03-24 12:01:31+00:00,1.499196633924154e-10,1713953.0
18UBaMPq6FQfXnKT19rXc8bFFFwQz52Bc1,38,554.578947368421,461011253109.2632,381788.3157894737,50531038775.26425,1.5348668190709004e-09,511140039997074.75,1085748402011807.4,498033885125354.9,11388206.94736842,10857709.32087112,11096201.641025642,2015-08-20 00:21:32+00:00,2015-05-14 08:37:37+00:00,1.2029618444844808e-09,361202.0
18Uobm9oWWdW49JSUeG5GNNuYxzHLZfWPB,14,331.85714285714283,536096306577.9286,165248.5,67137980.41198844,1.0063489388313373e-09,265896599957446.78,395365053104398.5,248170159960283.66,17115646.785714287,12362506.876713503,15974603.666666666,2013-10-09 20:32:41+00:00,2013-06-26 10:31:58+00:00,6.190252362966114e-10,34103.0
18Vs7N1VfCj3nZDjKXAURse1ZNSc1dakE5,25,658.48,795343649784.28,356482.72,41925906484.00421,1.112145379837908e-09,676175179221704.1,676071438543273.4,650168441559330.9,9192385.84,6168060.935748573,8838832.538461538,2015-01-22 21:46:07+00:00,2014-12-30 08:22:20+00:00,8.279188501455926e-10,115017.0
18XnEXwgMnQDeRGKZrZoZtREqdcAPgHrFL,162,2454.6111111111113,860411066404.5988,1204148.111111111,6586947040694.087,6.344934954580061e-09,2306901201759517.0,3578846151505941.5,2292748433650563.0,80925149.27160494,45128015.93568661,80428675.96319018,2019-06-06 03:15:07+00:00,2019-04-22 11:22:23+00:00,2.8528353562073523e-09,331795.0
18Zcyxqna6h7Z7bRjhKvGpr8HSfieQWXqj,1777,2127.809229037704,1341493177302.2212,1283826.220596511,19776524598735.742,6.5255833740425475e-09,3134939190158745.5,3811308081466475.5,3133176007262143.5,72845782.58244231,43373152.74739605,72804811.95106861,2021-03-18 22:16:47+00:00,2020-11-10 11:05:21+00:00,1.586149870189266e-09,1542920.0
18a96MFkXsvqbJEJVSBAYcp4g4991AUetu,41,602.0975609756098,423790406995.46344,406612.2195121951,3928389503.91674,1.5638952413483177e-09,346657887426916.75,369048405445410.06,338404128202466.4,12265794.463414634,8288007.9520083405,11973751.738095239,2014-04-08 14:39:21+00:00,2014-02-05 23:00:45+00:00,1.4207437238711612e-09,47376.0
18aBb4GfX3QCN64xaJ3W3EuNzHL92v2UU1,77,474.3766233766234,435202883772.1688,308522.987012987,9821575705.087559,1.7996595866084369e-09,325883896992872.4,505930470435597.44,321705898313476.56,8388962.597402597,6151856.144564246,8281411.794871795,2014-09-14 12:52:15+00:00,2014-04-28 02:52:28+00:00,1.0900125919775895e-09,36947.0
18b7hZvfGQ6B9chxezn2W1D5pyqGcW8pAn,789,266.56020278833967,1634519180902.9695,121427.06970849176,1751318.6964690036,5.114722530416081e-10,594135711139073.0,1253400857117262.5,593383640618643.8,18073518.29024081,16964870.897974376,18050640.41898734,2012-08-20 04:59:08+00:00,2012-04-24 20:22:17+00:00,1.6308172207626333e-10,387169.0
18bXSCSXiTD3DB3XEz851VpB4ZK49rkprT,94,1796.1063829787233,766755325752.2021,944490.8297872341,5929626238827.716,5.249628147288604e-09,1701343319180882.8,2391359710029067.0,1683434442136873.5,15400820.244680852,17021455.817295387,15238706.347368421,2019-02-25 22:44:03+00:00,2018-10-06 23:13:26+00:00,2.3424765667153437e-09,35223.0
18c6X4puTqWTF6PfXgi32FnLps9otwnrPj,64,83.234375,1433939665816.875,38166.171875,1849506.0275058874,3.944327821390064e-10,388210115115236.2,1232528871845859.0,382237651805771.0,6209120.28125,13378081.529867673,6113595.353846154,2012-09-21 08:10:20+00:00,2012-03-04 06:38:36+00:00,5.804593943817275e-11,289733.0
18cBEMRxXHqzWWCxZNtU91F5sbUNKhL5PX,34093,1918.8491185873934,1416264124037.4404,1132616.7158067639,16718240034433.18,5.657973586134865e-09,3193274279488094.0,6099184950177903.0,3193180618601149.5,54217339.08397618,90667035.63211842,54215748.85287734,2023-10-06 12:27:41+00:00,2016-06-05 10:30:43+00:00,1.3548667130797606e-09,1982.0
18cSDzSuRa4BtfKNu4qAPfeiS57uC9kER4,425,229.56,439447672626.68,107852.06823529412,63683059.25790002,7.98430145288369e-10,147826450074965.16,245114274343529.53,147479439628779.78,20120722.66117647,54664597.562691204,20073490.917840376,2013-12-06 16:42:52+00:00,2013-04-25 14:01:15+00:00,5.223830146325886e-10,19413.0
18cfVDzcLQ91Xe4yGEs8uJFtHZUiZhmdks,65,271.8615384615385,2653528610165.246,128643.87692307692,1675990.010844724,3.7038932926832904e-10,953106777982240.9,1748546794570729.5,938665766194631.1,17898814.16923077,15567412.930161275,17627620.015151516,2012-06-11 01:25:03+00:00,2012-05-09 17:04:16+00:00,1.024528386165049e-10,776623.0
18d3HV2bm94UyY4a9DrPfoZ17sXuiDQq2B,1264,244.17325949367088,365937323803.125,158136.67088607594,4614657233.136475,1.3650850951015472e-09,222030320719072.47,701156812674037.6,221854802678978.34,16938022.56962025,271625360.03887737,16924632.8284585,2016-09-07 11:29:55+00:00,2012-02-05 04:23:11+00:00,6.672543181876593e-10,1019174.0
18ikFuG3CfDn9GPtpxrUGYLqAU3p4pysLe,52,435.36538461538464,646210000518.2885,234661.0576923077,839816239.367633,1.0287175955753518e-09,417037853457518.0,652595744014148.6,409169214713036.5,10626161.0,9510141.856856506,10425667.396226415,2014-02-20 13:00:00+00:00,2013-10-25 21:28:15+00:00,6.737212117828612e-10,85726.0
18jaGssp7vixJC566ziswFUGwdJmsLE6xN,42,1916.8333333333333,1240896056299.6191,1257668.261904762,19099180181101.74,8.046832619044405e-09,2772918030660821.5,5311419531612776.0,2708431564831500.5,38499054.14285714,28465382.536561646,37603727.302325584,2020-12-16 03:35:40+00:00,2020-12-04 12:20:03+00:00,1.5447170805340254e-09,4529.0
18neJ2M7z1VDTkUVdW7r9xLnJhSYFdDp6D,149,2528.4563758389263,1051483579150.2751,1207928.8657718122,6387387098151.0205,7.2878931105186565e-09,2835036974605039.5,5215606451989737.0,2816136728107672.5,48530846.51677852,33922625.65308243,48207307.54,2019-04-22 04:19:09+00:00,2019-04-12 12:39:27+00:00,2.404656074498303e-09,9847.0
18oh1W4a3WpybAW8CCnBqSVgKBdjgQULr2,24,38.166666666666664,605981644975.375,34114.125,1805646.197848606,5.085468537365382e-10,47044030881198.54,151784774329148.72,45162269645950.6,2129492.0,2455872.804773931,2044312.32,2013-02-08 10:01:06+00:00,2011-11-29 02:21:13+00:00,6.298320581676633e-11,302895.0
18p8H43siKVCzis8DyFa1V8sa1magam22b,17,511.8235294117647,429202920959.94116,355203.0,21425673725.502953,2.5083915718075555e-09,306099747633849.9,374687080332289.44,289094206098636.0,8539338.0,5805154.447081178,8064930.333333333,2014-12-23 13:47:55+00:00,2014-06-05 20:35:46+00:00,1.19249777766432e-09,384314.0
18r1yjUVsHnUprk8t36iM5EBc34mVX3yBT,30,343.3666666666667,1829515423148.9,159467.3,1903197.4619630657,7.760605443314852e-10,862536106927478.2,1781634004412754.0,834712361542720.9,22088388.3,13286153.429543173,21375859.64516129,2012-10-10 00:48:50+00:00,2012-05-24 08:28:18+00:00,1.876817556835217e-10,1615110.0
18sXko4kqpm6fK1GXVBV6iPA8NgqxfbS2T,13,240.46153846153845,627713117352.9231,120175.23076923077,200969849.50424764,8.869987211842609e-10,245712191885745.06,415270509216967.8,228161321036763.28,9795822.384615384,7948745.115447768,9096120.785714285,2013-10-20 13:48:57+00:00,2013-10-01 14:59:46+00:00,3.8307553532666143e-10,40456.0
18tFSYdTqXeE2w7KJ4rg7jWHR2zxUica4b,145,874.8206896551724,405066740785.13104,430446.21379310347,5905220294018.786,2.779945126988083e-09,654505263002875.4,1053402230844798.2,650022350242581.8,11055611.620689655,12797088.819901776,10979888.253424658,2018-08-21 03:20:38+00:00,2018-07-22 03:38:55+00:00,2.159695184945396e-09,1614855.0
18tN7qS7Ln3bLnd7f7xwefyDSAxui3mb47,55,207.43636363636364,314430561844.8,114048.21818181819,307538398.608886,8.71891719389365e-10,121035525430707.05,260166218711289.9,118874176762301.58,7682846.4,9641998.53080033,7545652.714285715,2013-11-10 10:51:18+00:00,2013-10-09 01:40:53+00:00,6.597207422182844e-10,34706.0
18vWkhMK1yG8HgrEpSrgQPaLEj4cG26ZNG,18,9.833333333333334,35333657989.5,7452.444444444444,1262224.030668714,4.2616931867941283e-10,484819860206.6667,790351097487.4553,459303025458.9474,86248963.77777778,352919078.3754951,81709544.63157895,2012-02-03 07:03:09+00:00,2011-12-30 08:28:49+00:00,2.782993296718805e-10,706907.0
18wac589ratFqqXWbJoGDRZT7Jxhaf7TFw,10,125.4,168444300505.3,81138.8,17336316978.50783,1.594513867238787e-09,62984575238928.5,152228917858508.88,57258704762662.27,1927672.0,2667667.0858207843,1752429.0909090908,2014-07-18 05:48:33+00:00,2014-07-17 08:58:46+00:00,7.444597390581011e-10,82712.0
18xVLmCawGdLLLERi9LEDjoRue9NyTQXrt,12,8.833333333333334,118402136196.66667,6593.416666666667,1361197.671992243,4.2474870802141934e-10,1222567081011.0833,2044786152953.02,1128523459394.8462,2940606.6666666665,3006089.6691866945,2714406.153846154,2012-04-15 15:41:14+00:00,2011-05-26 04:24:58+00:00,7.460450982625105e-11,544471.0
18xf3MQvdVzKhyRvog8Q5P5THWvSjJUkzf,193,300.74093264248705,465643120534.2435,132060.2383419689,40130758410.40348,9.186890921961141e-10,247364714571579.84,466379826784675.75,246089638723272.75,4514129.787564767,5130850.495896444,4490861.077319588,2015-04-30 10:00:12+00:00,2014-09-14 18:48:09+00:00,6.458614320285453e-10,291767.0
18yseqevP9FWUAr6Dx9ZkdR72Pe5weTK3p,32,2020.40625,939400094147.5,1024195.21875,5910314375301.669,4.0719249392489045e-09,2382373966213489.5,2277418285715613.0,2310180815722171.5,21102061.40625,21353326.732661262,20462605.0,2019-02-25 05:28:00+00:00,2018-11-10 20:17:42+00:00,2.150740949023969e-09,261779.0
18zRehBcA2YkYvsC7dfQiFJNyjmWvXsvon,22,500.5,538949529789.4545,200495.95454545456,37550618970.783554,1.8001249951568527e-09,380751789114476.3,595174240458109.2,364197363500803.44,8053494.409090909,4912129.831807929,7703342.478260869,2015-06-22 16:59:52+00:00,2014-06-23 10:41:20+00:00,9.286583851284272e-10,3682.0
191R2Be5qwnhqvqL4z2JWQ2Woh5PCx5sot,40,628.55,647863890191.475,382257.225,29666036358.752766,1.6258806716425128e-09,675249022402736.2,1174602833782122.2,658779534051450.0,9943149.5,7262690.58287407,9700633.658536585,2015-03-02 19:36:24+00:00,2014-06-08 08:46:16+00:00,9.701883520846226e-10,319980.0
191sNkKTG8pzUsNgZYKo7DH2odg39XDAGo,1662,1922.2996389891696,1548172120140.5945,1275903.1263537905,21086198082351.848,5.877539940184702e-09,3463291618137203.0,6058672150208467.0,3461209061541811.0,61582342.85018051,51733489.488030225,61545311.9765484,2021-10-19 19:22:30+00:00,2021-02-07 13:33:41+00:00,1.2416575741039693e-09,204735.0
196BxEHT6MbWxbew3124St4SsBrxHmY7j1,17,16.529411764705884,362450161776.8823,8808.882352941177,489391.59802430763,6.547446418700447e-10,12214023175341.117,45980187064512.44,11535466332266.611,16538112.235294119,20523386.742424168,15619328.222222222,2011-06-14 14:09:33+00:00,2011-05-30 11:03:39+00:00,4.560464722562625e-11,984021.0
198i5jrY1B4xGnQwbiDVuQzcq17thzaH1s,29,229.10344827586206,370503480233.2414,109639.03448275862,318378422.60062784,1.0511869941374325e-09,122930286939760.89,158808869373549.8,118832610708435.53,10795334.172413792,9097747.090168132,10435489.7,2013-12-11 11:33:16+00:00,2013-10-19 00:30:40+00:00,6.183570748961267e-10,118980.0
199EDJoCpqV672qESEkfFgEqNT1iR2gj3t,290,2075.937931034483,1637513367206.0896,1025729.1586206896,1725641823229.7983,2.0718599690715423e-09,3680631539561650.5,2886454324540380.5,3667983321212641.0,316165592.32758623,233610639.5795383,315079112.62886596,2018-02-09 13:14:41+00:00,2017-11-05 19:35:18+00:00,1.2677380060575807e-09,60703.0
199RcwJ6iM1k7vkuYTWus5skMKDm1dP1r2,110,1267.5,689718274407.7545,842660.509090909,4700712592620.361,2.9155100854823587e-09,1212717599368671.8,1548679962080716.5,1201792215590575.5,20857159.9,27746814.729558088,20669257.558558557,2018-07-03 13:11:31+00:00,2018-05-08 18:01:40+00:00,1.8377068536981619e-09,126522.0
19ChCimAiz8Az8P1KdLeaiQ8ZZw12Vuw4r,49,515.9183673469388,450270230468.8571,327953.10204081633,34373548076.18939,2.1175972590636365e-09,405378475946382.4,993126144753672.8,397270906427454.75,8531155.0,6769469.577187759,8360531.9,2014-11-08 02:30:49+00:00,2014-09-12 16:05:42+00:00,1.1457971956301079e-09,27446.0
19DtiL9PUzKECtxXA5B7v65x3M4mjZ4Nvk,51,225.5686274509804,1316045745842.804,105611.3137254902,1736597.8490460485,3.763764033133402e-10,404153391880523.06,604334722315095.0,396381211267436.06,40037726.35294118,190479422.02949443,39267770.07692308,2012-07-12 01:06:58+00:00,2012-06-07 00:51:24+00:00,1.7139877406504956e-10,536493.0
19HGpsDB3mPGJnuNatCe8rYYtuuYUh1kNb,23,227.34782608695653,489195365798.0,118512.73913043478,97960892.87550852,8.313858385765622e-10,204039717943676.56,434546295214858.9,195538063029356.72,8089027.608695652,8024071.9618487,7751984.791666667,2013-10-06 12:35:48+00:00,2013-08-20 08:42:51+00:00,4.6473830698722045e-10,131119.0
19HguK9wZkCa7MXv97hBZg9jdJtjfASz7h,114,753.1315789473684,715548143981.579,411533.6754385965,47996291584.12296,1.2175473945818357e-09,809474861117424.2,1101337767385573.6,802435949281620.6,10698518.692982456,7934948.7469043955,10605488.095652174,2015-06-05 07:30:10+00:00,2015-03-16 16:26:14+00:00,1.0525239779907205e-09,541891.0
19NRWRg6QvofS6JcDLT9jKww2bh2EpUmKk,164,43.02439024390244,1223360861822.2378,21756.646341463416,1138203.7464491965,1.929995451689934e-10,91270395668222.05,509894127433751.75,90717241755081.31,109727292.28658536,1341538512.5909293,109062278.39393939,2012-01-14 21:54:23+00:00,2011-11-20 11:41:11+00:00,3.51690098862703e-11,57476.0
19NuSmWEaCzvrFipZPWEQgZBKspbirsUmh,14,1791.2142857142858,1876834343840.6428,993713.8571428572,736049674326.8463,1.4836332166452855e-09,3760997834718833.5,3264506695880792.0,3510264645737578.0,150901396.5,60561439.28897196,140841303.4,2017-07-18 02:19:23+00:00,2017-07-07 20:55:36+00:00,9.543805992215864e-10,986149.0
19PkHafEN18mquJ9ChwZt5YEFoCdPP5vYB,6464,341.46813118811883,948132854449.5509,176487.7620668317,30551096501.896805,9.81112663296298e-10,725992396251070.4,1.8510556048641348e+16,725880100443452.2,19251156.34313119,70625707.58427753,19248178.592730086,2019-08-12 16:02:04+00:00,2011-11-07 13:44:47+00:00,3.6014797882556446e-10,15445.0
19SNhdN3TEJfpbGVunAB5rJJ28HKGntyrc,12,360.1666666666667,494265075518.1667,177182.0,133181229.034549,1.2319128171656672e-09,298919198799828.2,547441951714850.9,275925414276764.47,122591721.33333333,373549869.3609319,113161588.92307693,2013-11-10 01:12:52+00:00,2013-06-27 22:12:14+00:00,7.286913126303394e-10,147379.0
19UFQGGZAYMe1p6suxRdb5gAtsNiYz6Vov,11,210.1818181818182,323163075148.63635,114626.0,134575987.4813856,1.0064733512922383e-09,120051838138771.73,213560507671622.03,110047518293874.08,10268481.363636363,8350973.440064879,9412774.583333334,2013-11-07 22:41:24+00:00,2013-06-25 07:01:50+00:00,6.503893369783868e-10,56812.0
19VBqLkbMywnX5QMUg7LsHgbzsLh9as4MS,34,1699.0294117647059,1411810045006.7058,1160078.6470588236,30454629898682.2,3.2818413266274534e-09,2958963441527505.5,6341407593838119.0,2874421628912434.0,7921389.470588235,4440200.96334744,7695064.057142857,2022-06-11 15:13:12+00:00,2022-05-20 10:36:18+00:00,1.2034405179180006e-09,1371299.0
19X9GT35EqCjxhq7eLiEgqdefWrf3hdKJp,11,80.0909090909091,90591802636.09091,57010.90909090909,13462580114.525337,2.1871104181829275e-09,26383969496435.727,75708675244140.88,24185305371732.75,1308100.7272727273,2135081.475572728,1199092.3333333333,2014-06-22 06:22:12+00:00,2014-06-21 07:23:48+00:00,8.840856099600521e-10,87791.0
19ZdAYnHwppfjtc7Xq9D12J7wVuDAmqzr4,13,12.538461538461538,15271277707.307692,5959.538461538462,332157.6682758554,7.727622092749334e-10,330811437474.0,553770166572.884,307182049083.0,11281684.923076924,13820423.847404532,10475850.285714285,2011-06-03 04:49:12+00:00,2011-05-19 06:14:47+00:00,8.210486233553049e-10,551235.0
19ZvPvL5sEfqqVxJ2EHmAj39stbHa6HzC4,48,326.75,658232536965.2084,170494.0,1235368069.9744635,1.1354331682089318e-09,534118599646726.56,1905189567896401.5,523218220062099.5,9393259.416666666,8628730.52163149,9201560.24489796,2014-06-27 13:49:44+00:00,2013-05-19 06:06:26+00:00,4.964051177209897e-10,25197.0
19dENFt4wVwos6xtgwStA6n8bbA57WCS58,11325,1740.9663576158941,2660534967243.965,1172012.3853421633,25917102049858.742,3.356754512395616e-09,6216193029426385.0,1.1213984014585592e+16,6215644186672595.0,12519185.265607065,19321597.982969686,12518079.916387074,2022-09-14 13:55:09+00:00,2021-02-01 06:03:19+00:00,6.543670273273472e-10,561797.0
19eC3KhGNKoAij7tTX41cvS3wL6K4w3kBC,33,1819.7575757575758,2014400728454.4546,989293.0,709870632247.0417,1.5585544774728206e-09,4215092342165621.5,3768154642092909.0,4091119037984279.5,227331209.72727272,124045885.00122748,220644997.67647058,2017-07-06 16:23:34+00:00,2017-06-15 14:05:04+00:00,9.033741648583406e-10,141585.0
19f8Pk3m1GySyowWb8qLy93R5ngAUoVoUE,79,1200.607594936709,1588266671491.81,580093.8101265823,64682562261.33492,1.3030916578978688e-09,2620432798518319.0,3582977264860321.0,2587677388536840.0,21151873.721518986,13119676.997043261,20887475.3,2015-12-29 03:27:17+00:00,2015-09-17 06:51:52+00:00,7.559231812180603e-10,569122.0
19fEZNP879ZyrvtohYATUynkwdzNbDMfGq,20,338.65,402150413074.5,172573.85,3964355796.9128485,1.2751431738548398e-09,173954432547168.44,287531384277370.94,165670888140160.44,6041909.95,4000465.372607877,5754199.952380952,2014-03-20 22:51:11+00:00,2014-02-17 18:14:34+00:00,8.420978544096725e-10,598522.0
19fbcmiSmxHGjyBDG2on5Qgfnvxs8ukdNz,709,377.98166431593796,1065924914889.7941,161634.04654442877,4044519.0488172956,6.834144776022295e-10,571025976785813.9,889037343389473.9,570221714846678.9,34099934.77009873,50517583.219283,34051906.692957744,2013-05-02 17:31:39+00:00,2012-12-24 02:31:47+00:00,3.546043994618678e-10,41451.0
19mGroQWfVhSXFMh4ejaQndVnfRWSsRWbU,10,394.5,417737095772.4,189113.3,2621404453.0646152,1.1164602840886414e-09,203773660593588.0,220652403290026.62,185248782357807.28,7195837.9,4811263.511542482,6541670.818181818,2014-02-13 00:11:07+00:00,2014-02-09 14:18:14+00:00,9.443738753211888e-10,404680.0
19nCMpsMoEVWEVWqV64qfFkF9yZK6zD6j4,11,448.45454545454544,827120226266.7273,196602.45454545456,4294605170.7314954,1.0460603011250145e-09,507583144083234.8,977764474710669.6,465284548742965.25,7709187.181818182,4395794.943366986,7066754.916666667,2014-05-24 22:59:00+00:00,2014-02-27 15:52:50+00:00,5.421878600148379e-10,1053943.0
19qa95rTbDziNCS9EexUbh2hVY4viUU9tt,26,1437.423076923077,1272732245986.0386,774395.8461538461,484909329967.41315,1.8806694446708663e-09,2336891534334647.5,2389684134193429.0,2250339996025956.8,119826992.0,66894343.318845026,115388955.25925925,2017-04-05 05:42:36+00:00,2017-03-22 16:05:17+00:00,1.1293994329572797e-09,484696.0
19qx3oGWyXohYShnqryNMbsCkwhwCnX2aa,39,267.3076923076923,2694119867320.385,115528.84615384616,2304118.602350092,3.2582245334193424e-10,1233276101446004.2,3537848388027000.0,1202444198909854.2,17046763.589743588,12888155.264208859,16620594.5,2012-11-06 21:16:45+00:00,2012-07-07 05:48:03+00:00,9.92189306608547e-11,2097.0
19r8iLc37r6crtCdBCthGQQ9KrhrMxZdxh,10,255.6,432842288787.4,114500.1,90836217.15649544,1.0123007245444172e-09,175237744936703.0,252910867460651.1,159307040851548.2,12737402.6,10717353.377485603,11579456.909090908,2013-10-25 16:44:40+00:00,2013-06-28 10:02:08+00:00,5.905153138249473e-10,12232.0
19schTX2tFa9vqu6UMtvLXzoG88Tphhy8Y,10,325.9,406586402936.9,151995.4,120900882.31650302,1.2703403631488004e-09,177518003386425.6,173231597751196.25,161380003078568.72,18727291.0,13065771.11567602,17024810.0,2013-10-20 02:34:41+00:00,2013-06-24 08:00:35+00:00,8.015516447326397e-10,47925.0
19sebk9LLxgJ3VK945dsRT8GbtyY9d1iWU,13,262.7692307692308,166564120252.3846,180552.3076923077,11756551916.903952,3.406722934507847e-09,103609411369608.84,186627371332807.1,96208739128922.5,4218456.692307692,5748059.825337841,3917138.3571428573,2014-06-14 04:14:34+00:00,2014-06-13 07:41:56+00:00,1.5775860393647343e-09,254496.0
19t7RxwXdfiwQMyQ3JVB16e9HgV7omijSs,115,250.41739130434783,472898472414.5217,114260.92173913044,154874831.43783504,8.733024810080376e-10,185530469556407.44,294145266666641.44,183931068956783.25,11592043.52173913,10430007.574421324,11492112.112068966,2013-10-09 20:44:44+00:00,2013-09-23 13:16:03+00:00,5.295373233619649e-10,723.0
19vX4WdX4Hdrz5J59c4Dn9Pj5dXHGzAokK,12,319.1666666666667,3768799246502.75,136441.75,1587126.4046456572,3.793961181975668e-10,1634615486041017.8,3348139741726638.5,1508875833268631.8,20434467.25,16337942.704116914,18862585.153846152,2012-06-18 04:03:41+00:00,2012-05-31 10:52:08+00:00,8.468656614247543e-11,295295.0
19vrP79pLca9q9dU2Uv2tEHNiFVacPAz4t,27,249.33333333333334,1495133464379.111,121645.18518518518,2805378.5726209944,4.3044669473939645e-10,508417293045617.94,855805788016628.8,490259532579703.0,18076776.074074075,14741382.659444679,17431176.92857143,2013-04-25 21:26:46+00:00,2012-04-22 20:40:13+00:00,1.6676326179139788e-10,20706.0
19vvtxUpbidB8MT5CsSYYTBEjMRnowSZj4,601,582.5074875207987,627940466268.3943,338588.28951747087,34021150942.546062,1.6699955372211382e-09,628104175922830.8,1476542750499560.8,627060813504354.2,8750165.028286189,7655742.614718959,8735629.870431894,2015-04-20 06:25:45+00:00,2014-06-18 00:11:12+00:00,9.276476335127976e-10,43558.0
1A32KFEX7JNPmU1PVjrtiXRrTQcesT3Nf1,509,1771.8290766208252,2896693105790.631,1176708.1650294696,24490659350918.14,2.889591881983783e-09,6450518987971482.0,9885988405557694.0,6437870911524479.0,9174724.04518664,7835212.075971469,9156734.390196078,2022-05-19 02:57:53+00:00,2021-09-10 21:19:59+00:00,6.116730395356181e-10,831454.0
1A66YkobmtQvGbq9jt5faw6nCE8tgjGgKT,1777,1009.4282498593135,1465430243258.0557,650424.4231851435,64025772422.69565,2.680674061264493e-09,2560897095676557.5,1.597415492458904e+16,2559456771100811.5,19459805.305571187,20967716.897385888,19448860.53318335,2016-02-27 19:09:34+00:00,2015-05-10 04:31:04+00:00,6.888272263407613e-10,137294.0
1A73ExsM2doRwTLp82rv5U36QHbBFmHD1X,1699,369.5679811653914,481297005163.29486,196790.88169511477,6221748816.715185,1.4541120794833147e-09,284407013166158.8,681475701113581.9,284239714923119.9,7428888.778104767,8603516.611376412,7424518.843529412,2014-09-05 04:12:14+00:00,2014-02-05 00:00:13+00:00,7.678584682653575e-10,89083.0
1A7tUHMk9DDwnqTTZxEBq7hpQh9qQ7zzDA,28,346.7857142857143,313667868132.75,208840.14285714287,18681993251.344173,1.6912504321325967e-09,214582278195042.0,430082793690465.4,207182889291764.7,5702376.571428572,5648511.247955737,5505742.8965517245,2014-12-02 06:24:47+00:00,2014-05-12 21:03:24+00:00,1.1055825269898165e-09,39996.0
1AB131Kb3XRsyvhmmtpQXkrFWcJteEfyd8,41,1921.1463414634147,1441540105836.0732,894796.6341463415,411784588624.17676,2.2305115043244953e-09,3076000196152546.0,3188751684653283.5,3002762096244152.0,103749661.0,56895277.02643701,101279430.97619048,2017-04-30 15:03:34+00:00,2016-11-16 06:39:13+00:00,1.3327040528984634e-09,200253.0
1ACAgPuFFidYzPMXbiKptSrwT74Dg8hq2v,1918,1804.3581856100104,790065950045.1111,939556.2017726799,5665427806940.587,4.317562273952535e-09,1777914480631256.0,2098637520086956.5,1776988000964434.0,22074728.406673618,25111081.694373462,22063225.161021367,2019-05-11 02:53:46+00:00,2018-03-31 00:13:11+00:00,2.283807048648262e-09,106171.0
1ADpCsnThB8QEBWtHLtUPfVn71RN7dKbGk,21,311.8095238095238,1467496673102.8572,144927.33333333334,2897406.24585673,4.0989263220948704e-10,689323514050098.6,977833928621225.5,657990627047821.4,25050693.904761903,25376582.326308575,23912026.0,2013-04-30 19:59:36+00:00,2012-04-15 16:31:04+00:00,2.1247715890914935e-10,426770.0
1AEHme2G7TfWZp6LRJaziN7RdjrMdrX9VQ,44,1992.1818181818182,871270044774.4318,962319.1590909091,5673733292828.968,3.732651571967021e-09,2039524739861023.2,2201054050059730.2,1994201967864111.8,15161437.022727273,13295370.07146521,14824516.2,2019-03-02 22:12:01+00:00,2018-12-15 09:52:14+00:00,2.286526238483943e-09,88561.0
1AF3U6NX1YeArou7FyE4qzMhQVypaiyKkc,55,276.56363636363636,463155813996.83636,130676.72727272728,22239659.47483375,7.896180160014372e-10,194341828357361.9,287424676134228.44,190871438565266.16,21862999.327272728,25969516.89284907,21472588.625,2013-09-02 15:23:06+00:00,2013-05-11 13:31:33+00:00,5.97128715662685e-10,453098.0
1AF4og9Epgw7Q7hVzNeDf8ZAvzRhJ8pQG,100,501.61,568594962375.13,345631.16,10304201090.538559,1.7816746671079305e-09,458452089751176.2,1066668363412374.2,453912960149679.4,9084728.16,7575739.326966272,8994780.356435644,2014-06-17 18:54:35+00:00,2014-05-15 21:16:57+00:00,8.821921283028591e-10,47031.0
1AHepUdf4L686zHuWrDsum8Xb2ETxPCsiR,216,338.2546296296296,858646995712.2361,143996.06944444444,4979426.988173188,7.097319784918539e-10,422726885792762.9,672445362113081.9,420778835627819.25,28247247.14814815,20881246.27366824,28117075.502304148,2013-04-08 00:45:32+00:00,2013-02-19 05:45:42+00:00,3.9393910573116483e-10,305414.0
1AJQ3jXhUF8WiisEcuVd8Xmfq4QJ7n1SdL,529,1626.054820415879,1296815676008.0833,837328.7183364839,1744264480916.0715,2.3543245403502156e-09,2763432589172873.0,3399672493685295.5,2758218565419716.5,143873824.31379962,146627360.00123006,143602364.26792452,2018-11-14 06:08:35+00:00,2017-07-30 21:09:34+00:00,1.253882761057666e-09,222566.0
1ALA5v7h49QT7WYLcRsxcXqXUqEqaWmkvw,1824,349.0109649122807,419926902375.8805,168198.91995614034,9071694110.407734,1.4736318036094464e-09,209588895821839.62,319542391413866.8,209474052591252.3,7963856.297149123,28568532.334594324,7959492.540273973,2015-02-14 12:38:28+00:00,2013-10-04 20:18:17+00:00,8.311231381881738e-10,33042.0
1AM2fYfpY3ZeMeCKXmN66haoWxvB89pJUx,530,1500.2471698113206,1035241309234.2075,994773.2471698113,2638282491170.1885,2.4983194575460217e-09,2049214606665979.8,2496409037771580.0,2045355445448153.0,153321284.89245284,205270400.54650924,153032544.24293786,2018-03-30 09:20:12+00:00,2017-11-26 23:49:04+00:00,1.4491762996987524e-09,56846.0
1APDARvSLFZmr4ZQK8oUPcExcjPavgcb8M,14,179.5,712780156664.9286,91449.85714285714,4847647.152065606,3.9446446865600274e-10,174047679132368.28,204998358151827.7,162444500523543.72,18299096.64285714,16958368.72360782,17079156.866666667,2013-03-19 12:23:00+00:00,2013-03-14 19:36:36+00:00,2.518308041007675e-10,268625.0
1ARpmMmecwoF36p8FfLwaiWuoh8PDkLu2X,16,726.5625,737727113395.0625,327745.6875,70104425905.73068,1.2147213375308008e-09,1127843276661593.8,2118434443819475.8,1061499554505029.4,12434699.75,13322452.526874935,11703246.823529411,2016-08-10 07:50:56+00:00,2014-08-30 21:16:43+00:00,9.848662016179909e-10,1465231.0
1ASNjJjUou6RPkmP81nJUuhbZDkxAaHQhX,27,65.25925925925925,712012225912.963,44692.2962962963,2358182.148598748,4.0404926040164145e-10,66964266163335.11,165728518077973.97,64572685228930.29,2807271.5555555555,6957407.645670186,2707011.8571428573,2013-02-27 12:54:21+00:00,2012-06-28 12:54:47+00:00,9.165468918118914e-11,46660.0
1ASWj8rJbksmPu9Z34fVmJyLu1kBXmUBmj,12,1588.9166666666667,915703360339.1666,1111780.3333333333,5880113606730.058,2.6936417898308603e-09,1690368966603598.0,1660946426674804.5,1560340584557167.5,17534738.083333332,12661184.24491313,16185912.076923076,2018-11-25 13:28:31+00:00,2018-06-14 17:37:33+00:00,1.7351871091508818e-09,24519.0
1ATRHpi6GxaLX4CLwEimTHiBP7HMktS2Uc,386,2103.2616580310882,1318613292979.6787,1259687.1191709845,17335188651869.611,5.096184088274555e-09,3075115723855536.5,4270999730203548.0,3067169688393377.5,66891025.93782383,58722097.07227184,66718180.909560725,2020-11-12 23:25:15+00:00,2020-06-05 02:05:34+00:00,1.5950557068011461e-09,85383.0
1AU7JFRb3ZBfhF5LHuK4YzujdkTLQTvC5D,12,1311.9166666666667,886300969589.1666,744551.6666666666,316567463256.71893,2.4095402951541105e-09,1069643665682163.4,611402629968023.2,987363383706612.2,61350629.166666664,40931168.31573238,56631350.0,2017-02-19 02:15:55+00:00,2015-12-26 12:31:10+00:00,1.480215763810784e-09,732666.0
1AUiNz42P1uFKT67vWaPDRQFKUxQPEu5kT,37,346.43243243243245,1178711043184.1892,217781.54054054053,21266548.11473955,6.774921412023542e-10,738908140820679.0,1705013094247045.5,719463189746450.6,14411507.35135135,23123767.248991493,14032257.157894736,2013-08-20 21:26:35+00:00,2013-06-01 21:35:26+00:00,2.939078533586775e-10,494477.0
1AYTkpQDA2nu6vu6JjZvbDgMXa1SjehVYu,72,241.70833333333334,468841411654.80554,110292.59722222222,169926291.488881,1.176273650735195e-09,203400229779520.56,541551087403539.44,200613925261992.88,11059322.402777778,9798437.53168916,10907824.835616438,2013-12-03 02:14:14+00:00,2013-08-09 01:04:21+00:00,5.15543907438143e-10,51610.0
1AYdAw8CcrQ2wx55LTbFHRn5bxgNZhaRLW,67,300.95522388059703,707934253491.8955,206111.14925373133,67201485.57495604,9.485059491122462e-10,609614922426717.5,2414507110439164.5,600649997096912.9,21990097.358208954,72202645.61902681,21666713.57352941,2013-12-14 07:41:52+00:00,2013-04-25 09:48:51+00:00,4.2511747721787895e-10,66775.0
1AZ6BkCo4zgTuuLpRStJH8iNsehXTMp456,114,1858.8245614035088,1356577966715.9211,985658.3070175438,924679135450.1315,2.3286210096961603e-09,3001616376585571.0,3104814909913205.0,2975515364615261.5,162893239.40350878,135788916.0555845,161476776.45217392,2018-05-25 23:12:19+00:00,2016-11-03 13:46:07+00:00,1.3702305411191765e-09,1789576.0
1AajKXkaq2DsnDmP8ZPTrE5gH1HFo1x3AU,901,311.07880133185347,443315188211.3751,117823.79467258601,22343723199.045635,1.491464377521882e-09,224882362416843.94,608495331644904.1,224633047159175.6,5139673.165371809,4413033.4843992945,5133975.079822617,2015-05-17 14:08:49+00:00,2013-12-19 00:37:09+00:00,7.017102269537613e-10,118110.0
1AcAj9p6zJn4xLXdvmdiuPCtY7YkBPTAJo,1287,524.5050505050505,551587422559.387,314123.73115773115,27144265347.350754,1.8189039960126733e-09,494425405529795.3,1887791719454150.2,494041534873328.1,9103498.842268841,26456986.535042703,9096430.908385092,2015-01-26 14:48:26+00:00,2014-06-15 12:18:09+00:00,9.509010340941546e-10,158448.0
1AdbRdfLqxekeTjkybHc84iPQW11t4sGqM,16,2240.375,1194440407854.0,1160919.125,18260078190323.727,3.692631818209977e-09,3046050240834891.5,3565448622706241.0,2866870814903427.5,50919011.0,62554244.27769494,47923775.058823526,2023-06-28 23:16:03+00:00,2018-08-28 00:29:31+00:00,1.875669129467234e-09,1827964.0
1AddiCt8ghkH8zwPpcv8W8SxcQEoGTSJFS,99,371.07070707070704,698628200835.7273,202290.0404040404,903685826.2554109,1.206484949055489e-09,558102997004710.3,1661568625671428.8,552521967034663.2,10352270.272727273,12426637.923416296,10248747.57,2014-04-04 00:51:40+00:00,2013-10-06 17:45:08+00:00,5.31141895827877e-10,20748.0
1Ae5NdZKyatnwYiv3pLdnxpLw9hoJ9JbcG,16,2529.0625,792271375736.0,1135829.4375,14083990866982.918,4.462103422582185e-09,2312136641643972.5,1817645449867516.8,2176128603900209.5,17720079.0,13768738.110117732,16677721.411764706,2020-03-04 19:26:40+00:00,2019-12-23 22:00:20+00:00,3.1921669486677657e-09,1175185.0
1Afcdy7AaqwPkFFk2K6x5XaEHto1219LTX,250,814.6,924520818883.792,454016.828,48752926440.8803,1.0986957077502756e-09,1139929317220421.5,1524041954320674.5,1135387766155798.2,13050556.584,11023342.266538499,12998562.334661355,2015-07-06 13:45:40+00:00,2015-05-30 14:11:02+00:00,8.811050907252652e-10,311845.0
1Afcpc2FpPnREU6i52K3cicmHdvYRAH9Wo,321,1830.6417445482866,1812112575404.1245,983145.800623053,616913843495.6528,1.5972339652606178e-09,3645132394505697.5,3450621775735639.0,3633812107566239.0,206324541.57943925,105352968.65666832,205683782.13354036,2017-09-07 03:16:59+00:00,2017-02-17 11:04:19+00:00,1.0102251755192581e-09,323969.0
1AifJt6dwnK5Yii8uoFrNJ1xuwGneeCb2i,13,808.0,1382023532970.6924,342689.8461538461,39131021582.59802,1.1857408126909287e-09,2519714996029023.0,4854802777191749.0,2339735353455521.0,10856114.076923076,12009912.779932976,10080677.357142856,2014-12-26 00:36:51+00:00,2014-10-06 01:56:08+00:00,5.846499576336336e-10,211736.0
1AoYA4NmweQuTVRvTKf4PPLcjwWGHJGSj8,11,261.09090909090907,295269975816.2727,122374.45454545454,178021226.81027716,1.0049513862946522e-09,104348500350701.1,123291194836055.62,95652791988142.67,10905368.363636363,7409271.87351755,9996587.666666666,2013-10-24 03:36:18+00:00,2013-09-30 23:46:46+00:00,8.842446929090039e-10,47399.0
1Ap6ms2Wsa6CK684B6t9CEd8yL8baCVutu,50,151.12,692921366483.78,95916.9,15194453.03405552,6.453769787653721e-10,205858785733147.6,481317006100437.8,201822338954066.28,7601102.66,8803639.060762366,7452061.431372549,2013-11-24 23:07:34+00:00,2012-09-04 05:25:36+00:00,2.180911244905845e-10,318386.0
1AqTMY7kmHZxBuLUR5wJjPFUvqGs23sesr,5113,335.7874046548015,484672027974.5107,165202.38861725014,3505317791.682324,1.201030663008613e-09,243252019325190.5,604183248514028.5,243204453423875.47,17721285.116370037,57047380.38471909,17717819.86703168,2014-09-29 20:26:35+00:00,2013-04-25 10:30:12+00:00,6.92813666301495e-10,146283.0
1Ar2gRkt1u6k4PToeeTKm1KGmtR2GRA1wL,62,549.3548387096774,513334052475.35486,354539.67741935485,49552770436.13778,1.182074518515453e-09,564186315368052.6,1022487948028249.1,555230977028877.1,9887854.596774194,11122306.289960658,9730904.523809524,2015-08-20 08:06:30+00:00,2015-05-04 00:57:19+00:00,1.0701702644907858e-09,27898.0
1ArCJb9CdFTA4JhdKDZwy72nRxvEgQuWif,17,2703.9411764705883,639496112734.9412,1230576.4705882352,8520232732410.571,5.922395585127783e-09,1799765218457430.2,1247323419334046.5,1699778261876462.0,59111172.294117644,50007638.927414946,55827218.277777776,2019-10-27 18:39:38+00:00,2019-03-11 11:21:38+00:00,4.228237080138937e-09,441356.0
1ArTPjj6pV3aNRhLPjJVPYoxB98VLBzUmb,90,1832.7444444444445,3043805159551.811,1233000.7555555555,27513153372428.79,4.379967018735764e-09,7997570693604791.0,1.271667564018102e+16,7909685301367376.0,10532435.833333334,9018736.950275436,10416694.78021978,2022-09-06 00:32:55+00:00,2021-09-20 06:35:25+00:00,6.021227865696599e-10,2318395.0
1AroV9DWxKtppu6veDyEkRMM578GaRSzGa,42,44.166666666666664,367950901435.9286,26217.54761904762,1712503.5951454875,5.044132098630824e-10,77924476515343.55,399681917185871.44,76112279387079.75,5166562.833333333,8368264.238607431,5046410.209302326,2013-01-15 17:49:05+00:00,2011-08-05 12:47:00+00:00,1.2003413089710128e-10,1467848.0
1AsrVraia2d5vQMo5VYKSDCSCtqoeGTDJS,10,96.6,57673781708.7,55761.0,13462580114.52534,2.24840634448676e-09,17843523906631.4,43410094958416.98,16221385369664.908,1393457.9,2406248.0362145384,1266779.9090909092,2014-06-29 06:32:52+00:00,2014-06-28 13:11:45+00:00,1.6749378511003388e-09,146588.0
1AtQu3BesvK5L7cCE3v9QaY4jCTGVGAyWM,17,936.7058823529412,479930591349.7059,557944.7647058824,3800698505367.324,3.276517006308113e-09,731478289426432.5,1039427962882392.6,690840606680519.5,23399579.23529412,32262365.320618834,22099602.611111112,2018-04-25 07:25:25+00:00,2018-04-13 12:29:20+00:00,1.9517528143364417e-09,1267288.0
1Avgd9nrPR6qVe6LBgsWYQxwWis5n2RhZc,49,1114.938775510204,1094827662342.0204,624574.9387755102,3727783255215.992,1.884631897753822e-09,1694723803972426.8,2541111336095348.5,1660829327892978.2,90421423.06122449,125749165.58179078,88612994.6,2018-11-14 08:45:09+00:00,2017-07-27 12:06:36+00:00,1.0183692044510115e-09,9394.0
1B4CG8fa1ZK4QAYW5CD56vvwPHuxwkt4Rg,207,2525.903381642512,959482107152.3285,1207134.9420289856,6467723673384.143,5.8769024452245455e-09,2651301234189449.5,3358179063219812.5,2638554593640461.5,56345956.95652174,30972926.005264122,56075062.932692304,2019-05-15 04:03:48+00:00,2019-04-22 05:13:53+00:00,2.6325695526925515e-09,349802.0
1B55K4WuR1AQKCmF8WznDmhZNw6G1x8uEc,55,756.7818181818182,842584235574.6,431550.14545454545,55332011314.07568,1.1858512835969013e-09,977324608450111.2,1298358606415834.2,959872383299216.4,14478299.6,11239705.20697008,14219758.535714285,2016-01-30 21:39:50+00:00,2014-12-31 05:01:07+00:00,8.98167549581237e-10,768450.0
1B5YeVnH4KemeVZK6Uwa4mS7eCsgMc2aFH,14,515.3571428571429,531915509843.2857,321075.5,11700517206.144688,2.2626340074895436e-09,335442145774155.9,358188813272801.1,313079336055878.8,9471340.5,7132446.291882597,8839917.8,2014-08-27 03:08:52+00:00,2014-04-13 14:45:45+00:00,9.688703061299692e-10,133852.0
1B6F1LcqzLnnsRkocL4bbJjWNY8DjwtNFc,13,364.38461538461536,249775432372.46155,224959.6923076923,28167431585.883274,1.7734996648409985e-09,143299687424353.7,216892345400254.47,133063995465471.28,5489680.461538462,5749202.361360916,5097560.428571428,2014-09-21 09:37:34+00:00,2014-09-10 10:52:24+00:00,1.4588489024863352e-09,185879.0
1B7vS84YBcjiKjeiCk64Byjj4gsLt21RbV,11,298.45454545454544,598014819039.3636,162443.54545454544,189454572.94702223,7.040473316392273e-10,327743283109595.0,709718001113836.2,300431342850462.06,18155832.09090909,17690981.910483588,16642846.083333334,2013-11-21 06:41:08+00:00,2013-07-03 11:16:51+00:00,4.990755010619561e-10,46284.0
1BD6QLMt1RK5oCVugt77Y8uHWZrSDDSSqA,41,424.9512195121951,419771304348.63416,269888.1219512195,3325320081.2605867,1.8365144697592265e-09,281994224284443.25,534527185583465.44,275280076087194.56,8481507.07317073,6763633.077067659,8279566.428571428,2014-04-03 01:28:42+00:00,2014-02-02 19:10:35+00:00,1.0123398505564804e-09,45956.0
1BD88k5dCx2SUEKudcJUTZEyZ2RQMrBX33,43,643.6046511627907,841227181274.6744,360351.8604651163,41837480520.21303,9.203753665885799e-10,823000479215065.2,1054772253185874.6,804295922869268.2,9714924.53488372,8362121.555450861,9494130.795454545,2015-01-21 13:49:10+00:00,2014-12-22 18:36:56+00:00,7.650782873986132e-10,16377.0
1BDKvVwu1Gc3cpmF5vwboa3P3be2GLv5a1,64,2240.109375,925063925291.0312,1077540.953125,5807074385584.546,4.5170030406788004e-09,2371367102703436.0,2168232049588920.2,2334884531892614.0,17132951.328125,13772886.776742669,16869367.46153846,2019-02-22 04:45:01+00:00,2018-11-01 07:01:22+00:00,2.4215725138078934e-09,1117862.0
1BDbsWi3Mrcjp1wdop3PWFNCNZtu4R7Hjy,309,1691.3398058252428,2121783878601.372,1147177.8640776698,18607317913860.71,3.76350812251054e-09,4482138821327124.5,6987157455258648.0,4467680309000263.0,15082926.906148868,17230392.55549166,15034272.303225806,2021-11-28 18:20:44+00:00,2021-05-27 22:31:17+00:00,7.97131047550485e-10,516643.0
1BGFwRzjCfRR7EvRHnzfHyFjGR8XiBDFKa,48,1832.5208333333333,1103333691463.5833,1259656.7708333333,36717082124306.06,3.600622061230863e-09,2705285712715168.5,3369530135399704.0,2650075800210777.0,14450721.854166666,10613761.34191682,14155809.163265307,2022-11-30 03:20:04+00:00,2022-10-18 22:29:08+00:00,1.660894475997081e-09,37521.0
1BGjp5tsxtg8i3mmSbT7vHLEv4ejN17qdp,40,249.475,228447079960.0,163655.55,1643838298.077849,1.5002346222107897e-09,104457798035234.45,219872061587749.03,101910046863643.36,6856576.525,6068356.97628977,6689342.951219512,2014-06-18 02:20:07+00:00,2013-10-09 17:20:31+00:00,1.0920472261833326e-09,26732.0
1BGjxxtwSnYidw6Vcype58UmWzw1jK6pXK,10,231.6,149288917477.3,226993.8,41272873894.69702,1.6450963296214822e-09,68062236072089.0,122890824785081.16,61874760065535.45,3244006.4,3581827.430804598,2949096.727272727,2015-02-01 07:00:28+00:00,2015-01-31 08:20:03+00:00,1.5513542727323732e-09,187893.0
1BPFAnv7PenxN947obrBYZoXCrprP3QdU9,11,236.1818181818182,620805372228.7273,209038.81818181818,543567085.6139258,1.1232225596180334e-09,234405424784732.1,327190234123341.6,214871639386004.4,7693095.363636363,6372026.62617573,7052004.083333333,2013-12-13 13:08:57+00:00,2013-10-23 14:15:13+00:00,3.8044422414373084e-10,24153.0
1BQLNJtMDKmMZ4PyqVFfRuBNvoGhjigBKF,7411,1606.062339765214,1552141556649.471,789164.2909189044,400923137511.2832,1.6662392083592447e-09,3098667663702977.5,3576147629196583.5,3098249602766158.5,80994304.97112401,87052117.01020098,80983377.51497571,2018-03-13 01:33:30+00:00,2016-02-15 08:01:26+00:00,1.0347396040552763e-09,2077905.0
1BUhwvF9oo3qkaSjjPpWrUzQxXNjkHdMZF,26,1854.5384615384614,2163857647881.5386,970492.1153846154,511851018050.5939,2.0779242768667786e-09,4394798006216407.0,6222739953034928.0,4232027709689873.0,141601258.65384614,55810584.96612065,136356767.5925926,2017-04-24 21:18:29+00:00,2017-04-01 03:03:29+00:00,8.570519707495976e-10,728083.0
1BWJYRXxSCy3vQp83haPvwpsh8zSXsK6xR,10,249.9,491126047050.6,126656.8,888256604.4984694,8.935126077686521e-10,215658191008937.1,303532117915109.8,196052900917215.53,5759196.5,5563601.350736175,5235633.181818182,2013-12-13 06:26:24+00:00,2013-12-09 03:52:02+00:00,5.088306790094829e-10,89292.0
1BWW3pg5jb6rxebrNeo9TATarwJ1rthnoe,43,1748.4883720930231,1528712277812.0,860221.0,954232692110.7712,2.3297874217701613e-09,3176045525984623.5,3395184171782470.5,3103862673121336.5,175115982.90697673,151356950.63646963,171136074.20454547,2017-10-09 05:13:03+00:00,2017-07-31 19:15:03+00:00,1.1437655060869807e-09,1214467.0
1BX5YoLwvqzvVwSrdD4dC32vbouHQn2tuF,888,484.4211711711712,465121154149.4876,288937.3828828829,25959299616.181644,1.8209400170337057e-09,394641333156081.9,1025217225260612.6,394197417145782.56,8188734.759009009,15794446.665526155,8179523.583802025,2014-12-01 19:18:11+00:00,2014-05-10 07:56:18+00:00,1.0414946016742139e-09,46732.0
1BXzzYiND4yZe157vHThk3j2MospzRuEyy,11,379.1818181818182,496450543261.5455,172680.18181818182,94011590.11409841,1.1337065836411619e-09,227239263958297.9,208181644501519.72,208302658628439.75,19465708.90909091,13701203.522114921,17843566.5,2013-10-28 22:28:09+00:00,2013-06-06 10:46:35+00:00,7.63785684855326e-10,93592.0
1Baf75Ferj6A7AoN565gCQj9kGWbDMHfN9,4551,310.3774994506702,2154111513321.974,158873.4913205889,120373935.79317437,6.03364669373647e-10,1182840451712213.8,5148767850387405.0,1182580600997865.8,19961878.543177325,69317773.40025564,19957493.244727593,2014-02-08 07:46:27+00:00,2012-07-13 14:28:51+00:00,1.4408608724811092e-10,87239.0
1BccWSYpQJKtUQ3YT6mFiqxuZGBQtds5FF,13,296.0769230769231,571029710077.7693,142984.53846153847,846522376.472245,1.0959372508756788e-09,281399647429475.78,520075539140423.5,261299672613084.66,7164030.538461538,7684509.307287558,6652314.071428572,2013-12-12 05:38:12+00:00,2013-12-03 23:44:23+00:00,5.184965297805607e-10,65096.0
1BdZyqFUxQP6EvC3n8XBcDu5n4PthndZDp,12,236.83333333333334,557357892907.6666,112562.08333333333,1530500850.1213179,6.60667602489084e-10,255928598561338.84,551191678844248.75,236241783287389.7,5559710.083333333,6653156.530612457,5132040.076923077,2014-06-01 06:16:18+00:00,2013-10-25 17:12:32+00:00,4.249214667039223e-10,411468.0
1Bf9sZvBHPFGVPX71WX2njhd1NXKv5y7v5,6197,1806.9627238986607,2108370361221.6409,1194583.0903663062,22332488905172.65,4.614988696803692e-09,4851941038911079.0,9519392837971646.0,4851158215252010.0,32164557.8421817,43847392.90010234,32159368.336237498,2022-08-10 04:33:00+00:00,2021-01-27 10:59:01+00:00,8.570423665278916e-10,2238423.0
1BfNsApuHHfmoFx7H4mozJ3anLQit19bJ3,13,154.53846153846155,185411479352.0,98394.84615384616,30944739154.795,1.647405004207632e-09,48257289786770.92,88240036941040.73,44810340516287.29,2225838.3846153845,2235984.76866598,2066849.9285714286,2014-09-26 05:02:42+00:00,2014-09-25 07:15:27+00:00,8.334891781164927e-10,187453.0
1BfjKb16rr88WitiZT1Tsb8p2Bt8VUdsbd,27,240.59259259259258,774098682207.1111,91884.88888888889,3592854.2507192073,4.997211974816514e-10,240826401943490.38,318659454412592.56,232225459016937.16,18392900.85185185,11390097.089331381,17736011.535714287,2013-03-04 11:53:45+00:00,2013-02-05 11:13:50+00:00,3.1080351655762374e-10,181313.0
1BgcKixQdwY7hp6Qtif8p29r6wEhX3aeE2,26,604.9230769230769,569673705830.5385,338536.46153846156,42316555998.64379,1.3927783690292055e-09,465093687318115.56,608178204482734.2,447867995195222.4,11565489.576923076,8705531.368003162,11137138.111111112,2015-09-26 20:45:04+00:00,2014-07-11 22:07:15+00:00,1.0618764228219867e-09,968864.0
1BhJddEW2neo87ANjw1NKfXtXtZQpyLHAD,10,281.4,191762941717.6,224959.6,11756551916.903952,2.0799653193668553e-09,111299330233814.0,185163846726192.72,101181209303467.27,4898519.8,5237183.874468114,4453199.818181818,2014-06-11 05:32:58+00:00,2014-06-10 09:30:30+00:00,1.467436812762312e-09,88032.0
1BjQJ9qmkmxHCUgj2pfjgfX9xEykqjMoXA,16,1505.5625,1241986838012.4375,988556.25,860221984436.2223,2.1433147783464733e-09,2187636376999006.2,2282037945876044.5,2058951884234358.8,77192561.1875,61444726.46161266,72651822.29411764,2017-08-08 12:00:52+00:00,2017-08-03 07:13:57+00:00,1.2122209784520463e-09,4811.0
1BnbYeLnz5Cpry6H7NRwgV5pofkEXokac8,150,506.4266666666667,565086522340.86,275886.17333333334,45244967448.37134,1.1530658073551843e-09,500073749689815.25,907009974813395.4,496762003003127.75,8682494.053333333,8502819.941755423,8624994.092715232,2015-09-11 00:17:48+00:00,2014-09-24 03:30:36+00:00,8.961931432531853e-10,1236597.0
1Bso6Sz46Q9CSdfZnF5PiGZ7W3KSMXBpuP,12,691.25,508941192363.8333,412560.5833333333,36294365261.61125,1.9331967667909427e-09,487199191901297.75,609436672969348.9,449722330985813.3,11806142.166666666,5886588.190203401,10897977.384615384,2015-01-09 19:08:41+00:00,2014-09-20 10:52:45+00:00,1.35821193169571e-09,102007.0
1BueuhfDZt336RytmPAHuCTk3JyuRuWNKa,12,228.0,310254981639.0833,93028.16666666667,92221752.96931683,1.2780329636206931e-09,114903019498970.5,156886965565452.84,106064325691357.39,10321125.916666666,7458048.391933539,9527193.153846154,2013-10-22 12:00:09+00:00,2013-06-03 05:35:33+00:00,7.348794169088645e-10,161321.0
1BwZeHJo7b7M2op7VDfYnsmcpXsUYEcVHm,293,628.8259385665528,659728965441.768,365874.1911262799,39236556100.15932,1.5177575799844886e-09,672492238934915.9,1507280193980789.5,670204850367110.1,9483164.774744028,8217762.694585123,9450909.112244898,2015-07-02 23:08:15+00:00,2014-05-11 19:24:29+00:00,9.531579959438012e-10,242594.0
1BxD2VLE95n7ZeVJSy3uoiJ5WdR72jWj5f,193,284.0880829015544,396315598085.35236,126822.27461139897,33423039.916025408,1.0832692407012863e-09,174395684108091.3,291130322919500.2,173496737282791.88,22475003.098445594,45816837.16229847,22359152.56701031,2013-10-27 02:56:37+00:00,2013-04-06 12:06:46+00:00,7.168228661047347e-10,123117.0
1C1mCxRukix1KfegAY5zQQJV7samAciZpv,8065,1362.8332300061995,829335942816.2407,877848.0659640422,3758131212847.627,2.6918697065280726e-09,1566614112252202.0,2223588026278396.2,1566419887839574.8,64096717.59454433,115500803.17542161,64088771.06372427,2018-07-31 15:21:25+00:00,2017-12-31 10:25:04+00:00,1.6432824862001284e-09,2426994.0
1C1zKAqUjbYjdc5SrfygTaMcwAsaU2j1ZD,11,631.6363636363636,453005442684.7273,300833.8181818182,35002482026.13323,1.273675772689935e-09,596435840427513.5,913033660342764.2,546732853725220.7,9670403.909090908,11634589.25902395,8864536.916666666,2014-10-14 06:30:27+00:00,2014-10-13 09:24:39+00:00,1.3943240061156526e-09,95731.0
1C2G1UKJSk6nvofEVAAtUJphbRpyX4AAeK,12,329.8333333333333,363196045238.5,164531.0,99556766.54620226,1.3505743651900538e-09,157649399865701.75,206981053463702.34,145522522952955.47,18185982.833333332,12905869.022528175,16787061.076923076,2013-11-19 18:57:40+00:00,2013-06-22 06:04:11+00:00,9.08141312818375e-10,23583.0
1C2HNrPEebMgzxjTN7QvpbUyFHCpZ4Hh9c,10,314.9,155920022420.9,169709.3,18736441558.31024,2.1689885378671045e-09,121141447514854.9,252852521353151.4,110128588649868.1,4798185.8,7878596.767826402,4361987.090909091,2014-07-28 06:31:23+00:00,2014-07-27 09:53:06+00:00,2.01962515853121e-09,866570.0
1C81BGyi8SJ919UxnHm2iwNmaN2RHfU4us,1171,2083.142613151153,795643585083.1007,1050977.8087105039,13178232924747.203,5.791251832519182e-09,1952973275895457.0,3291574479070291.5,1951306916445034.5,31641144.9940222,35691825.0074969,31614147.43003413,2020-11-10 02:42:24+00:00,2019-06-12 17:34:32+00:00,2.6181856451888317e-09,293493.0
1CAUceRNgaAat55wKJJsJRohKvP57ocFim,76,1934.3157894736842,834036086150.8948,979690.052631579,5692688755761.169,4.536733599384223e-09,1983159634371761.2,2061243971382009.5,1957404314444855.2,18155260.263157893,17347893.30862279,17919477.66233766,2019-01-27 08:03:04+00:00,2018-11-24 22:37:23+00:00,2.3192231386541297e-09,477326.0
1CAYZEt8XqiZVn5qKBMjNyDmuRvpmT6WJs,12,270.5,117122444086.16667,173009.75,35985640265.07623,2.090362160759048e-09,66662347011523.086,116348776061758.75,61534474164482.84,4236203.083333333,5543327.526271504,3910341.3076923075,2014-11-04 05:37:58+00:00,2014-11-03 12:41:40+00:00,2.309548798358356e-09,74624.0
1CB2gCFfe25v5Tzrv1nZnahr4FoqWDzwGb,33,392.6363636363636,665117950334.7878,178799.0303030303,1395824160.934447,8.601950544071236e-10,342423283165443.7,414790247125935.94,332352010131165.94,8125239.090909091,4773672.322852478,7886261.470588235,2014-01-07 23:00:13+00:00,2013-12-17 07:36:06+00:00,5.903259165366529e-10,428715.0
1CChwujNmPjzXDfmRuUL5AzmScXduuFuKX,23,523.2608695652174,359503643197.913,319132.17391304346,38420918270.5465,2.4632215681804627e-09,373493508145507.5,612163578540055.2,357931278639444.7,7884143.869565218,7575286.478381859,7555637.875,2015-01-13 20:21:51+00:00,2014-10-07 14:40:57+00:00,1.4555092263060965e-09,22563.0
1CF8ud9JiKUcBRThxZpjW5GP8ZU2hmEkCB,13,2121.6923076923076,1715000021594.5386,1128297.6153846155,8838750552445.31,5.727057396150219e-09,4384309261669930.0,9799301921125984.0,4071144314407792.0,48322596.07692308,43170987.10745831,44870982.071428575,2019-10-22 16:03:42+00:00,2019-03-13 02:33:36+00:00,1.237138356254738e-09,137392.0
1CFQ6a9yk2Buj3hCvXCcy7fVHJip2bCfa8,33,2143.3333333333335,2434670980810.8184,1037499.0,1378157754884.137,1.7919993408941915e-09,5390464067855773.0,4443202194161023.0,5231921007036486.0,218185184.84848484,153924625.04262576,211767973.52941176,2017-11-29 11:15:16+00:00,2017-10-24 03:49:32+00:00,8.803379800499939e-10,12768.0
1CFzgbLJrGQEnPrrVtjeMvx8vJ37SAdJ2f,11,8.545454545454545,24210272939.090908,5277.454545454545,1711375.677509067,5.20698362478508e-10,224199153671.27274,203007178850.45087,205515890865.33334,4292911.636363637,6443446.74408887,3935169.0,2011-10-19 10:46:53+00:00,2011-09-06 08:57:56+00:00,3.5296812088626646e-10,5624306.0
1CG3zxCZ61ssyjPy8qTARpvRzBQmPEeNEc,10,325.9,451888620038.2,166091.0,101039252.46581863,7.511090511683724e-10,240181158509801.7,330860928843291.94,218346507736183.38,37014914.8,66718618.9691025,33649922.54545455,2013-11-02 18:05:38+00:00,2013-07-02 01:06:42+00:00,7.21195413091948e-10,82593.0
1CG7DmgsPXwUW76dD7Dr6Ng8T3mTpDDtXi,18,766.0555555555555,576342788843.1111,499537.1111111111,46766399856.38388,1.5151024296692127e-09,571468753416200.9,540318553434562.5,541391450604821.9,11353698.666666666,7332805.4795887275,10756135.578947369,2015-04-06 11:59:01+00:00,2015-02-17 01:46:47+00:00,1.329166548770834e-09,350130.0
1CHzH6nnx6C2H4k27RxZP9AH5wi8CibGLR,18,55.388888888888886,683624443383.5,27127.833333333332,1410566.8412756913,1.7858009504275482e-10,113057855258287.22,390160898765801.56,107107441823640.53,8435283.555555556,15730274.258276008,7991321.263157895,2012-03-06 08:31:20+00:00,2012-02-12 19:14:42+00:00,8.102239383768904e-11,307316.0
1CK6KHY6MHgYvmRQ4PAafKYDrg1ejbH1cE,27261,1740.0169839697737,1362595693063.324,966928.8931807344,9667325921169.984,3.795474450267469e-09,2958590615281478.0,1.035745416405994e+16,2958482090939343.0,55921859.51850629,98754490.04789476,55919808.24348911,2023-10-06 08:37:32+00:00,2014-09-29 23:43:15+00:00,1.2769869982914366e-09,15609.0
1CNq2FAw6S5JfBiDkjkYJUVNQwjoeY4Zfi,112,1906.669642857143,1893910986576.1965,967555.7232142857,677005795506.0631,1.765186962139504e-09,4142513700027335.0,3671100568642935.5,4105854286752756.5,224782145.61607143,124173344.49793565,222792923.08849558,2017-08-23 23:54:46+00:00,2017-04-26 05:57:40+00:00,1.0067366715602676e-09,95856.0
1CQ3RZaXd23qN7A2qSPwNmGMv9P8U1ZJPR,35,42.08571428571429,499402647880.54285,25192.4,1611895.296356093,1.7003568270939665e-10,30872844595116.312,46276836412056.32,30015265578585.305,3466612.685714286,4280140.8843367165,3370317.888888889,2012-04-09 08:26:43+00:00,2012-03-25 15:38:55+00:00,8.427210881705456e-11,393630.0
1CQx1D9GBFA3m23KL6r5k8F5qfJQ4Foy5S,12,329.5,309566077202.75,150524.83333333334,2550145022.582893,1.2054567694424387e-09,171591945813703.34,277701147233891.5,158392565366495.38,5960761.5,5622335.129816509,5502241.384615385,2014-02-06 23:11:20+00:00,2014-02-05 02:08:03+00:00,1.0643931110843075e-09,161385.0
1CS7gyvYjMyzAPwLtaVoRTXsdAxhfMSsUy,43,571.4186046511628,614650555472.3024,329644.5348837209,32595730611.212425,1.412044341768867e-09,638756554618964.1,1224249462477378.0,624239360195805.9,9949242.813953489,9112615.45934368,9723123.659090908,2015-04-10 17:59:11+00:00,2014-05-23 03:28:14+00:00,9.296641800186453e-10,30237.0
1CTgYxMTY5j6SLytKeMsBWAXuUc6yNKcAe,544,285.4595588235294,1944944285068.285,130671.22610294117,4419080.01742244,5.791430951933692e-10,698924711114607.4,1708371830974535.8,697642280452011.8,24351325.005514707,40322498.88405068,24306643.67522936,2013-06-29 09:06:49+00:00,2012-07-30 02:59:24+00:00,1.467700442707063e-10,550653.0
1CVVn6sC46aZdokEnU1LThmi8WsMV4qzgh,95,1404.3578947368421,1973155744688.8105,947404.3052631579,112292965470.81607,2.0872303531165388e-09,3486931241773246.5,6380495629697998.0,3450609041338108.5,25863091.6,16354229.217649985,25593684.395833332,2016-02-05 00:27:00+00:00,2015-12-31 06:28:29+00:00,7.117319038382981e-10,137609.0
1Ca1KNQQo8akbrwTjjXuk8aikvC2pwodU2,112,2122.160714285714,1197732171416.3035,1312696.5892857143,19581521134109.617,6.710686494787647e-09,2706882340561207.0,3182645198216733.0,2682927629582789.0,69420461.25892857,33543015.81037948,68806120.89380531,2021-02-10 04:06:11+00:00,2020-11-21 11:12:55+00:00,1.7718157405559922e-09,230295.0
1Cb4X74MUitDDCdkhdRRcB8eutpV5bAhdG,706,2180.412181303116,912601909928.6487,1078364.9065155808,7611592456529.186,4.821226307607479e-09,2287614355937558.0,3157363772379596.5,2284378692067773.5,37474306.436260626,40255246.47045686,37421301.75954738,2020-02-20 05:00:15+00:00,2018-06-19 21:13:27+00:00,2.38922596762217e-09,979407.0
1CdJi2xRTXJF6CEJqNHYyQDNEcM3X7fUhD,1417,1039.5363443895553,1413667103679.8708,687957.759350741,60457948872.079185,1.7589248599831306e-09,2335804283919076.5,1.1477169117221354e+16,2334157031250586.5,19524463.428369794,20304918.74845168,19510694.41325811,2016-01-30 22:28:48+00:00,2015-04-28 03:58:57+00:00,7.353473400375323e-10,2938.0
1CdcYVP4T4hjHwt353pEnGHrigeDLvuvZL,11,226.36363636363637,498706005237.2727,195551.36363636365,16637636.468584228,6.92711841611608e-10,305085332794400.4,856380932251957.9,279661555061533.66,7878497.2727272725,10407731.89344326,7221955.833333333,2013-06-22 13:23:30+00:00,2013-04-23 01:14:54+00:00,4.539019662615409e-10,60018.0
1CdiAzEg9dmKZthY6t6YLR11h3VzmF4CFw,17,238.76470588235293,478052816162.17645,130817.58823529411,388812573.81341004,1.054133349730457e-09,214579982918462.47,341954988220821.94,202658872756325.66,8555734.0,8090891.45728483,8080415.444444444,2013-11-17 14:55:19+00:00,2013-10-13 00:51:36+00:00,4.994525663485548e-10,30298.0
1Cet9hPqNVd9HQCavPp8gNLSrieMaN72N9,22,294.6818181818182,2623444961929.9546,132626.0909090909,2936528.527580704,3.955249727378338e-10,1027088934313168.4,1685658457604347.8,982432893690856.8,23880655.272727273,22772142.24274955,22842365.913043477,2013-04-25 15:41:40+00:00,2012-05-12 10:40:41+00:00,1.1232628183860719e-10,38910.0
1ChANGeATMH8dFnj39wGTjfjudUtLspzXr,534,457.38576779026215,460120371883.3727,278981.2677902622,28155305498.09642,1.7474368344010174e-09,429886724488815.1,1224248745401069.8,429083197900985.56,9145070.651685392,11152909.609140301,9127977.061682243,2017-01-09 17:46:54+00:00,2013-12-09 13:36:00+00:00,9.940567637074682e-10,1661786.0
1ChJaVqPeLebcurrkuFof7hDyCmp7w6HcE,19,1582.578947368421,3104495364794.5264,801125.8947368421,12907175642473.47,6.301041829897721e-09,6419504953163474.0,2.352509306520093e+16,6098529705505300.0,15231049.894736841,14242112.476654185,14469497.4,2019-12-22 19:49:05+00:00,2019-11-19 06:06:04+00:00,5.097701112119925e-10,2954801.0
1Change2aFDAsXM7mwdG3Yf5k7X1wvv8Qc,51,365.6078431372549,505821310882.2941,180259.9019607843,345282679.0743243,1.8375903719746735e-09,355299172837427.2,766445726179471.6,348466496436707.44,12535569.215686275,17996187.163389742,12294500.576923076,2013-12-04 20:19:18+00:00,2013-09-09 16:02:21+00:00,7.228003946680941e-10,79962.0
1ChmkysDwYKCqUEjdZnqbGePYArGdsyBij,47,50.191489361702125,302428544116.68085,24134.063829787236,1307728.3606040676,2.8895386367349493e-10,24466452057685.723,41118377117082.78,23956734306483.938,5019994.787234043,10684475.490322115,4915411.5625,2012-02-04 06:47:45+00:00,2012-01-22 20:16:41+00:00,1.6596148193716e-10,85476.0
1CjPR7Z5ZSyWk6WtXvSFgkptmpoi4UM9BC,23083,436.16726595329897,542880319487.9932,234968.30827881992,15205329076.671078,1.4639218172475942e-09,399820833869177.2,1651280344673756.5,399803513611255.3,10735953.998267123,44399790.51696492,10735488.916219026,2016-10-24 08:22:02+00:00,2013-08-04 19:26:37+00:00,8.034317146819053e-10,1008275.0
1CjaWfbSbARo8CDJLDKGm4VrVBaVFn3kzW,872,1784.5,1536611984571.1858,969840.2052752294,384322776598.3235,2.12239073804174e-09,3180617933299575.0,3369407953155971.0,3176974613788350.0,102410507.06422019,90227164.12624927,102293198.35051547,2017-07-30 06:33:59+00:00,2016-08-16 14:10:54+00:00,1.1613211519354323e-09,20752.0
1CmSj5w7JQ2NU965fK4bd71AS3u4GTKM8Z,48,302.3958333333333,4597619124424.9795,138422.25,2149647.412425116,3.223466142542317e-10,1949205672015028.2,5711052175779819.0,1909425964422885.0,22806920.520833332,23057451.892276827,22341473.163265307,2012-09-10 00:09:22+00:00,2012-06-25 21:43:09+00:00,6.577226715602582e-11,303345.0
1CmeAVYtTEybcScF7Ve3E98fVvJczizTGi,368,1781.9239130434783,1646124851676.739,932841.4809782609,673936990696.3174,1.7530272999112252e-09,3362570638209920.0,3383532564716421.0,3353457980653795.5,153111884.88586956,98335810.42312647,152696947.5284553,2018-11-11 16:19:09+00:00,2016-12-20 05:07:23+00:00,1.0824962099493331e-09,175389.0
1CoKeZERoFovnoWq2DGMNUxwJ391vvees2,17,282.8235294117647,1305240150421.5293,162187.58823529413,10840249.148622297,5.994014677418161e-10,578539832107108.2,1054108417192738.8,546398730323380.0,15421886.470588235,17042110.454113636,14565115.0,2013-06-21 20:43:12+00:00,2013-03-15 05:50:24+00:00,2.1668313629520698e-10,97472.0
1Cp8HBr3vtEAvQ1RqQhjbhGciYDapf3ATN,33,41.21212121212121,642562052536.3334,20610.424242424244,1573529.6818918893,4.704198000166614e-10,161435950346464.66,859111202762754.2,156687834159803.94,5584697.757575758,10138231.44741057,5420441.94117647,2012-08-26 05:30:11+00:00,2011-11-02 22:01:40+00:00,6.413718496049981e-11,119927.0
1Cq5EJVdE79uq1ZfZF1nRz7PCxpNWxbBgL,52,153.6346153846154,1033341461881.5577,94996.90384615384,8973435.109807061,4.580894992121091e-10,202815138520362.97,363559430581236.8,198988437793563.66,8005567.903846154,10767246.416938825,7854519.452830189,2013-06-07 01:49:20+00:00,2013-04-12 19:01:44+00:00,1.4867749050238448e-10,52192.0
1CqD7E5QSGcDTarz5JT5KzibyRVpd7s4oL,45,1777.5333333333333,1802614587130.9333,878594.6444444444,499695831800.90906,1.8490778206657894e-09,3473158841463093.5,3501119246611617.0,3397655388387808.5,121008261.42222223,75809079.22021914,118377647.04347827,2017-07-25 03:26:35+00:00,2017-01-03 19:45:02+00:00,9.860861806086238e-10,608832.0
1CvS5MdmmHZinsVirPmsakFo8Pz1pCgp2c,14,88.0,78592525118.35715,77664.71428571429,11756551916.903952,1.7083530727339953e-09,21634028010615.57,51898827687099.17,20191759476574.535,1340790.2142857143,2407774.247556322,1251404.2,2014-06-08 05:22:15+00:00,2014-06-07 07:38:38+00:00,1.1196993590354245e-09,86502.0
1CvkgLUwaL5XgxgJCdvHceteXKGSvcoGkV,12,615.5,579690137885.4166,333828.3333333333,39603666252.41841,1.2022478148274288e-09,490875137804042.56,590686256176807.9,453115511819116.25,9579699.0,7883113.746431188,8842799.076923076,2014-11-08 06:25:54+00:00,2014-11-07 08:16:50+00:00,1.0617741441060391e-09,14105.0
1CyB8GJNEsNVXtPutB36nrDY3fMXBTzXSX,324,1954.932098765432,1563786873696.506,1002012.4290123457,1414968755066.206,2.3178957433391094e-09,3445188268165136.5,3471998921827817.5,3434587688878474.5,231305208.08950618,185370194.99898717,230593499.75692308,2018-01-31 13:04:36+00:00,2017-08-02 13:24:53+00:00,1.2501269397052364e-09,4549.0
1Cz6q6YqxmXbV8aFnQKFftMykFFBdt1Jtw,35,2342.657142857143,1160142693249.4285,1182946.9142857143,10306978358821.443,4.638643923312234e-09,2583102713106210.5,2501591330592740.0,2511349859964371.0,48436949.657142855,47297053.29010497,47091478.833333336,2023-08-05 12:02:03+00:00,2019-02-22 20:30:59+00:00,2.0192836247544903e-09,3242760.0
1CzLSNz7V6EufECrjvMXBiVo8Tu7z3XgkF,105,274.3809523809524,621613987138.4667,135627.88571428572,41566446.583271764,1.0928431653262527e-09,274675330924806.25,555646338660252.6,272084054217968.44,23984700.361904763,98240334.66445123,23758429.603773586,2013-09-06 14:57:07+00:00,2012-08-10 19:43:21+00:00,4.4140086622573554e-10,344041.0
1D3zxwj4cndnX1kyAoByUmA4AVLRdFV5ST,21,560.7619047619048,738678596665.2858,339962.71428571426,51557178974.799805,1.054019156901075e-09,695196513594323.2,1336198361262596.5,663596672067308.5,12297862.952380951,9456665.53031551,11738869.181818182,2015-08-23 20:22:37+00:00,2015-06-15 03:52:39+00:00,7.591419425084553e-10,133424.0
1D4UZG4qo8bF1MuZHSEyBHRZaxT8inatXS,229,1955.7554585152839,1735761818657.1572,1020835.1266375546,1393051419439.6592,2.263519293923851e-09,3659407024729829.5,3589832337707080.5,3643496559404917.5,223341879.51091704,184195377.59432006,222370827.86086956,2018-02-01 03:24:34+00:00,2017-07-30 17:33:07+00:00,1.126741836059236e-09,13080.0
1D5FhoiuLMJJ43BCMGidwvbKWfr71g1vH9,253,377.0395256916996,543714416816.56525,205023.18972332016,3956599853.047224,1.3473043741930053e-09,385397228615704.8,1030306157767742.0,383879916692020.94,39377240.5770751,223487049.207017,39222212.070866145,2014-09-16 07:22:47+00:00,2013-10-06 15:59:08+00:00,6.934514039544085e-10,153032.0
1D5bvwaJqvG9S682YFE31TQRjZSnkhE8cy,131,1786.1679389312976,1600796604089.916,919099.2595419848,266700118637.65555,1.7387367212430043e-09,3277648958404269.5,3250401119787733.0,3252818284476964.5,63909989.091603056,33051259.72948278,63425822.50757576,2016-12-19 10:26:52+00:00,2016-09-21 03:17:34+00:00,1.1157994303384775e-09,593799.0
1D7SiA31KdcV3oEDys7nSJdnfUqLX16XLv,45,670.4444444444445,743232953960.2,395765.68888888886,40360292440.626175,1.1348729242290494e-09,709559734052022.9,906562661381059.0,694134522442196.2,10225391.8,8194271.71641823,10003100.673913043,2015-01-15 22:35:17+00:00,2014-12-14 15:40:28+00:00,9.020650132264542e-10,140724.0
1D8E5NRfu95vLoZgLriYna8EtJejQodLjs,128,2293.8828125,723709326087.7188,1124798.671875,8859698325726.057,6.051189967340893e-09,1802545251425639.8,1688290272453910.8,1788572032422340.2,40872389.2265625,38691796.025821395,40555549.0,2019-11-17 02:12:03+00:00,2019-02-27 02:13:00+00:00,3.1696189752043696e-09,82180.0
1D8EopaPeqgmwthzqMZsxdoPxR7A5HSuZD,39,196.07692307692307,3939542335196.769,86040.64102564103,2269822.577912191,3.823395385824243e-10,2016871788325262.2,9526459524661858.0,1966449993617130.8,14211630.487179488,17229409.739613757,13856339.725,2013-03-19 12:29:43+00:00,2012-03-31 23:24:39+00:00,4.977149790348162e-11,403.0
1D8ndYnYaJjXXT7bzV294rjuzAH8zNcpnE,15,356.3333333333333,406633144544.93335,168374.53333333333,104442315.48008554,1.3802261998040452e-09,205383304863257.06,237824809076008.88,192546848309303.5,15984689.6,13417510.009822918,14985646.5,2013-10-27 06:27:52+00:00,2013-06-03 00:41:00+00:00,8.763017430173062e-10,12675.0
1DAVb781XcFaUe2VyausraSG5XHhiZb1bv,11,123.81818181818181,59761806378.181816,66422.54545454546,28520041003.06812,3.1399050534666766e-09,25476095191797.547,75623989835800.62,23353087259147.75,1551842.9090909092,2647986.3990351786,1422522.6666666667,2014-09-14 02:36:28+00:00,2014-09-13 08:23:13+00:00,2.071861433281342e-09,768497.0
1DBgt4k7vwQHhXektGcdiLvFdAyLMihcAG,20,415.65,384653288847.65,252158.9,35321460972.50946,1.6639642086294828e-09,310405074862586.94,793027704224356.4,295623880821511.4,6646072.35,6684540.625213643,6329592.714285715,2014-12-03 19:40:23+00:00,2014-08-23 00:18:58+00:00,1.0805835074105575e-09,130214.0
1DBmqXisH48YBm4NUoHfr74cc7V3LU15yh,10,82.0,78408117271.5,44158.5,13462580114.52534,1.5293193725690337e-09,14778022630944.7,34364018626278.848,13434566028131.545,1008564.3,1583217.6429321994,916876.6363636364,2014-06-27 06:49:47+00:00,2014-06-26 09:05:02+00:00,1.0458100876987336e-09,175601.0
1DCxk4baecsGnk9455gztZxPYNqZfVrdnL,12,321.3333333333333,675070591174.9166,155100.33333333334,146403486.73667732,1.178520960534951e-09,559410396831823.7,1362716016168925.2,516378827844760.3,14893068.333333334,17452493.240337197,13747447.692307692,2013-11-28 08:57:06+00:00,2013-07-04 20:03:27+00:00,4.759996029068211e-10,32998.0
1DDXyKUT6q3H9e5QXm2Gv6BNNWgztFG55g,241,2013.0995850622407,1537763488300.975,987935.7966804979,1386610745974.0706,2.2426003758954567e-09,3450384312765305.0,3180134496629806.5,3436126526348919.5,226023177.51452282,179505737.81724072,225089197.44214877,2018-02-01 10:09:38+00:00,2017-07-31 16:31:20+00:00,1.309108715597383e-09,24304.0
1DJfZ44QKUwWq2qyDnX3AXi1rrbPwc1Hco,12,188.16666666666666,479129655900.25,81075.83333333333,92372007.37765682,4.808950771647624e-10,134929828199084.58,171607165787700.75,124550610645308.84,9118897.833333334,7509444.13706308,8417444.153846154,2013-11-04 13:57:55+00:00,2013-07-01 12:21:56+00:00,3.927259862742478e-10,11201.0
1DJgG91TTZH1fmfcYhTn6HJpQRNZ8ns8K4,20,190.25,1576597301151.9,94333.15,2391893.292395907,5.660925237544432e-10,531091851817809.6,1848571549246883.0,505801763636009.1,14149918.4,16933816.591760688,13476112.761904761,2013-03-01 18:50:19+00:00,2012-04-11 09:51:51+00:00,1.2067127088255116e-10,194158.0
1DJpsvnM7xTnQbWEhLYyCyfxQyxwupEzCa,25,377.36,363080215085.44,241165.24,10893880550.997221,1.696337598449603e-09,286287285530952.9,758942897577966.1,275276236087454.7,6810077.24,5505902.362654504,6548151.192307692,2014-07-12 04:07:12+00:00,2014-04-17 02:38:19+00:00,1.0393295594781988e-09,193506.0
1DM5LWVGKj18bSo7wJzTQ2rebeR2jAnWST,14,279.35714285714283,415114560391.3571,130357.92857142857,76614515.74645057,8.248613876281267e-10,190874071274459.44,313932792076171.25,178149133189495.47,14528525.07142857,11818133.797200903,13559956.733333332,2013-11-12 18:11:22+00:00,2013-06-16 16:11:23+00:00,6.729639707019036e-10,36683.0
1DQxj9mys22moGTYr7Etd6xSXbzHarT5qa,108,208.60185185185185,1355682355596.9353,74916.71296296296,3249337.614968372,3.8485790117774136e-10,437969177368554.94,821710989128821.4,433951111521137.0,16925977.546296295,14612626.90904856,16770693.348623853,2013-03-02 09:31:52+00:00,2012-10-21 07:52:08+00:00,1.5387221865847778e-10,52893.0
1DSh7vX6ed2cgTeKPwufV5i4hSi4pp373h,2163,2131.661118816459,1294198522590.0115,1275774.0970873786,19120636263123.234,6.169671313899919e-09,3058766016728201.0,4797908801153628.0,3057352538901616.5,72919928.87840961,52610339.26933486,72886232.05360444,2021-04-25 21:54:51+00:00,2020-04-25 15:49:14+00:00,1.6470897482949352e-09,448120.0
1DT9Ufs8frAZbm5CL5UAGxStBUZtqkrJAL,11,286.6363636363636,333729697218.63635,133585.0,111427942.2833701,1.2868866971857734e-09,135366301590433.81,186313491466490.2,124085776457897.67,13269547.181818182,8756093.214053638,12163751.583333334,2013-11-10 13:57:46+00:00,2013-06-03 22:23:42+00:00,8.588877945991708e-10,11188.0
1DTh7XPb42PgCFnuMHSitMPWxCfNNFej8n,966,1732.1283643892339,1434428239380.0767,975037.2380952381,379467473455.0118,2.270039721293022e-09,2937676163688165.5,3135408384964300.5,2934638235907722.5,97227424.26915114,83404616.30933008,97126878.8459152,2017-07-30 08:26:06+00:00,2016-08-16 12:22:03+00:00,1.2075392249233852e-09,3277.0
1DUhdAiqLPUNpdDd587Bjbqsv1aFyQ7FVt,18,483.1666666666667,778440319654.1111,285477.6666666667,40253825450.00107,1.0234562729479404e-09,622584294770167.5,777510210469379.8,589816700308579.8,6706785.111111111,6679744.539389925,6353796.421052632,2015-01-08 02:00:40+00:00,2014-12-09 09:15:20+00:00,6.206855612018593e-10,78692.0
1DVKajiwh46YrTzQccq65u2unqfwckGUD1,22,1996.909090909091,751421215758.1818,1006212.5,5849264628874.415,4.780994553682506e-09,1755325681612892.8,1593664997054334.8,1679007173716680.0,14811419.545454545,12758735.418922583,14167444.782608695,2019-02-25 12:57:00+00:00,2018-11-05 01:28:19+00:00,2.6575095951931775e-09,26940.0
1DXRoTT67mCbhdHHL1it4J1xsSZHHnFxYR,921,1209.672095548317,1617396568400.9229,590702.5656894679,170193478560.35117,1.4411087317475e-09,2670670542612290.5,5910741476978646.0,2667773936817700.0,37216242.68946797,40152577.437068366,37175878.001084596,2017-03-30 15:04:20+00:00,2015-07-20 06:30:59+00:00,7.479131087462908e-10,78007.0
1DY2jW2bpsxpwfb5fHVHrgtAyoEVpU8hxZ,268,3083.39552238806,537193798441.5187,1722229.3544776118,53618686675628.33,5.054528976381074e-08,1601347344617702.2,1742833436528113.0,1595394380511316.8,17609248.802238807,9607445.307811612,17543786.91078067,2023-10-06 08:44:46+00:00,2023-06-09 00:22:19+00:00,5.739819654161053e-09,434.0
1Da2sowBmfycW9Fk2YnxujTt4s8aUAjHpW,13,439.84615384615387,201455013394.30768,309983.8461538461,35985640265.07623,2.3715962514346873e-09,176379809338798.7,257142871806895.72,163781251528884.5,7558611.076923077,7840056.6844171,7018710.285714285,2014-11-03 05:09:37+00:00,2014-11-02 08:42:45+00:00,2.183346775218959e-09,257534.0
1Dek9ArRHb9tyWb9gaaX8SWmkfi5V7U5Y6,269,1869.992565055762,1664481827248.5762,979607.4423791822,1305162144098.1074,2.175756309405032e-09,3553100590864589.0,3808443035347405.5,3539940959046572.0,206853162.50929368,162777200.3687004,206087039.6851852,2018-01-31 13:20:05+00:00,2017-07-31 01:47:23+00:00,1.123468297726566e-09,929.0
1DggcueYantHydCbNaJv6Ls54wPTWqUBj9,13,425.2307692307692,741040578922.3846,190782.23076923078,202799502.41961515,7.784138582994395e-10,404385678641814.3,406768049779301.0,375500987310256.1,20177067.769230768,13410606.06495346,18735848.64285714,2013-12-02 11:54:04+00:00,2013-08-06 16:23:09+00:00,5.738292629657832e-10,176040.0
1Dhd2V19w7zLaXrK1zPp2eES6Km1cBVzDs,78,406.94871794871796,572268158780.7307,220325.23076923078,1773472853.9213257,1.3268397920007293e-09,509759398100016.8,1334665588822109.5,503306747491155.9,9844113.41025641,10544079.91884186,9719504.379746836,2014-07-08 13:19:31+00:00,2013-10-26 18:12:35+00:00,7.111154302482234e-10,12358.0
1DiPEWais11rvgkNrXzTp3UZ74ePakukUS,24,651.375,470505875751.75,432262.875,45384149443.39234,1.985597439938445e-09,477446657066475.0,845638059368077.5,458348790783816.0,9338182.291666666,6733103.242838549,8964655.0,2015-02-27 02:43:24+00:00,2015-02-15 08:31:55+00:00,1.3844141668991203e-09,44833.0
1DoBaBTvGWzSHgU5U6WQ5SUqX2okEDYeMp,16,359.75,477524550731.0625,220029.0,35002482026.13323,1.1646406107123697e-09,352853133722402.9,632193276667062.5,332097067032849.75,5654537.9375,7724054.1994389575,5321918.05882353,2014-10-11 05:57:13+00:00,2014-10-10 07:13:23+00:00,7.533644070220966e-10,87284.0
1DoH31KVZXiaHo1Xijzjf4X1u28qCyG2K9,23,30.695652173913043,353656981185.56525,18677.608695652172,1967083.562657454,3.864605563674469e-10,11309850084889.39,26929614922459.68,10838606331352.334,941847.8260869565,1454254.3812332037,902604.1666666666,2012-09-17 23:41:27+00:00,2012-06-21 19:54:33+00:00,8.679498442533759e-11,402407.0
1DqQMyoxPP2cHEA9uHoMFzENXQLu9YpEhP,11,301.45454545454544,520763052497.2727,139879.45454545456,54075423.24775491,1.0837122015743746e-09,196228931038628.9,187211076156706.8,179876520118743.16,45589447.90909091,92152230.14782666,41790327.25,2013-10-12 21:59:49+00:00,2013-06-25 12:18:15+00:00,5.788708396437633e-10,35506.0
1Dr6ZwEPxNwAAQ9SxxEvm6dMn7vDWsx7y1,17,316.52941176470586,275752162565.1177,222555.9411764706,7463965621.88513,1.8344142654716662e-09,129193184537627.7,192463864647048.25,122015785396648.39,6138100.0,4142162.713242609,5797094.444444444,2014-07-01 21:34:17+00:00,2014-02-19 12:02:33+00:00,1.1478764439062515e-09,29739.0
1DrJLkDyjaE8RMQ3KYwQbCArNQEwd838uP,24,598.9583333333334,432948628445.0833,325698.375,28230472681.95366,1.92695608297078e-09,321589478164231.2,362839753408466.25,308725899037661.94,8904494.375,5682532.651437568,8548314.6,2014-09-24 00:58:29+00:00,2014-08-28 19:25:23+00:00,1.3834397292918258e-09,87761.0
1DrK44np3gMKuvcGeFVv9Jk67zodP52eMu,4097,1594.0285574810837,2207571962935.119,836233.433731999,206530814072.18225,1.556455573443846e-09,4497414888510694.0,2.288840862908305e+16,4496317422700906.5,42936267.32706859,27675098.63074911,42925789.95583212,2017-01-11 08:21:39+00:00,2013-11-14 05:21:47+00:00,7.220732027062496e-10,138885.0
1DtpYuyUTvMH992agX5Dviye558Nw3iick,10,101.5,133253004846.8,66092.7,13462580114.52534,1.283984798306404e-09,68920878722087.7,212372181688035.28,62655344292807.0,1641827.5,3713388.2702272884,1492570.4545454546,2014-06-24 06:09:05+00:00,2014-06-23 09:06:34+00:00,7.617089019245292e-10,172013.0
1Dw3QvEfvKDB3gGzbhnaDeSwrSqCBiYRS5,10,454.1,642776989048.7,281735.4,11756551916.903952,1.2689762584299338e-09,469199794114854.5,617274493829972.6,426545267377140.44,8063932.3,8244244.98812503,7330847.545454546,2014-06-09 05:50:13+00:00,2014-06-08 10:33:41+00:00,7.064658625568738e-10,88078.0
1Dxgmzr1mc9pmhFktMQRcpUTPJmJBGdxxZ,12,432.25,537005011880.4167,234451.58333333334,40053240632.516304,1.3531909487844098e-09,640622203681221.6,1912680087999066.5,591343572628820.0,7108618.25,9434402.097271705,6561801.461538462,2015-02-01 11:07:48+00:00,2014-11-06 05:39:11+00:00,8.04927310615596e-10,8863.0
1DyR7HPQWjM6Zrnk7SzHVY2GEpXRGNNH9o,248,1864.4274193548388,1504370146227.5967,987603.1451612903,1357215894243.9595,2.1940615228215965e-09,3206493149426498.5,3356342804279140.5,3193615666898681.5,202577895.4717742,170409911.12305912,201764329.62650603,2018-01-30 01:27:30+00:00,2017-07-30 20:06:13+00:00,1.2393408789918707e-09,412858.0
1DygRYEvACYCN1LmMs2J9DnW1RNFNDM5pp,60,419.5833333333333,1080096778878.4333,175655.2,3282871.333795028,6.289900729891007e-10,558630096123592.8,599462019788110.4,549472225695337.2,35318196.63333333,21222367.78131543,34739209.80327869,2013-02-18 06:13:25+00:00,2013-02-05 08:40:49+00:00,3.8846827574935126e-10,323211.0
1DzMjjpJWp3azFbt2bACGwvVybC2mNBu1s,10,373.7,865937303363.9,175638.6,46300589.806078196,1.2886624992579854e-09,622340206343936.1,1336675033101725.8,565763823949032.9,23465051.7,18085227.401982114,21331865.181818184,2013-09-25 18:00:50+00:00,2013-06-03 00:36:17+00:00,4.3155549316132985e-10,38962.0
1E18BNyobcoiejcDYAz5SjbrzifNDEpM88,16,1385.5625,1471713608950.8125,708433.8125,259075083136.45526,1.4730932415501182e-09,2203460090116366.2,2564385431250152.5,2073844790697756.5,63649494.1875,65550958.07845475,59905406.294117644,2017-04-28 07:26:01+00:00,2016-02-06 23:35:43+00:00,9.414620423247768e-10,295652.0
1E1MsmPNC8byJDMSknnPr1KUQPL42QfiiV,16,618.0625,436039018150.125,430111.875,44438466614.61454,1.7200538160988424e-09,461730374386540.5,752627124810935.9,434569764128508.7,9836963.3125,7769841.725381926,9258318.411764706,2015-04-10 09:35:14+00:00,2014-12-29 11:08:47+00:00,1.4174476922319959e-09,30632.0
1E3kbVQ8v3F5Ctd7yKJGj8nU8Ut8S4NyeS,34,395.11764705882354,308927428834.7647,222935.20588235295,4361415965.568672,2.2079173647536777e-09,226634675033829.2,429667405739428.75,220159398604291.2,7631822.147058823,7750057.880363913,7413770.085714285,2014-07-02 12:28:01+00:00,2013-12-26 15:35:36+00:00,1.27899827007643e-09,53624.0
1E4nqRyFxE5dVZCL83YR2y68tJqJurYhcR,467,1733.3319057815845,1546797614454.3447,863985.6295503211,444231021135.2192,1.966291338136402e-09,3105549114322476.0,3066191745821697.5,3098913325616658.5,114783028.04925053,94518664.74413925,114537765.16880342,2017-07-30 13:54:34+00:00,2016-08-18 17:07:32+00:00,1.120593857647655e-09,19708.0
1E6vTBe9KLCh5ZqEkLoV2Fh5syXVHxHkna,651,1709.8294930875577,1757720933274.7495,1181284.9124423964,18894208523782.953,4.7918980477120695e-09,3781694882775123.5,6633064153289637.0,3775894737249394.5,31176931.892473117,40011555.348079234,31129114.51226994,2021-10-13 02:28:06+00:00,2021-02-09 09:55:39+00:00,9.727536725082025e-10,653897.0
1E7VxmavmbWpgoBhWHJtekuWuvvXc1mywp,10,143.6,433560502942.8,133906.7,13462580114.52534,2.2993991717536866e-09,258927038867265.2,792124613766032.9,235388217152059.28,2677686.0,3977535.5710543515,2434260.0,2014-06-25 06:03:06+00:00,2014-06-24 09:00:10+00:00,3.312109821473873e-10,86041.0
1E7cYXQx8upvFRw3kaikP8tQKMeFqFMJ86,57,75.14035087719299,1225887567199.8245,40312.15789473684,1600404.1313556978,3.6569679200127225e-10,291286153850625.94,821328227524944.1,286263978784235.9,6343836.649122807,9241519.244367788,6234460.155172414,2013-03-11 10:14:59+00:00,2011-11-15 10:25:05+00:00,6.129465122876544e-11,68064.0
1E8CZo2S3CqWg1VZSJNFCTbtT8hZPuQ2kB,210,1819.8,2491787138756.9287,1135118.280952381,21771580349195.008,3.6726287023823657e-09,5861933362351683.0,8019125051856863.0,5834151687648595.0,9403845.147619048,7179310.935559408,9359277.161137441,2022-03-03 19:09:50+00:00,2021-10-13 08:42:47+00:00,7.303192041146174e-10,358874.0
1E8jPYas4iJGTrpwfgRgigjRmjGFNqtcuF,44,13.181818181818182,68056099864.545456,10527.954545454546,874292.3996047261,7.614158833009316e-10,1300269551179.0,3510340575108.2505,1271374672263.9111,10414171.0,8974681.198495783,10182744.977777777,2011-06-25 14:40:37+00:00,2011-06-15 09:10:36+00:00,1.9369047312517813e-10,674641.0
1E9UoAzRpnZeymLh4JnLjADEaVyG5xKWma,21,256.76190476190476,432506824892.0476,112420.47619047618,25651501.55658706,9.878872684604496e-10,195467405694211.62,319592028660416.2,186582523617202.0,18595331.04761905,15511364.059254505,17750088.727272727,2013-08-08 13:11:07+00:00,2013-04-09 08:07:20+00:00,5.936597759491813e-10,42634.0
1E9ctTgG9VMgouJ2XAVPH9CgwBGH69LpNL,11,367.45454545454544,294385753948.8182,188810.18181818182,34661425923.97694,1.0073526985550628e-09,299665002064784.0,605753566835909.2,274692918559385.34,5693812.090909091,9211514.658421474,5219327.75,2014-10-05 01:26:41+00:00,2014-10-04 08:30:25+00:00,1.248207634118161e-09,69439.0
1EAHWbFsksTVw6P8kz5bBQU5ex6qR3Cpiu,13,614.3076923076923,700731986804.0,408664.53846153844,34740131178.320694,1.1366252020645832e-09,568588757976667.4,555931564463465.25,527975275264048.3,10944181.307692308,9682819.228366124,10162454.07142857,2014-10-10 05:42:29+00:00,2014-10-09 07:27:50+00:00,8.766656922706152e-10,151678.0
1ECegsfeRBLzLwKThX9XjneQVSYzt5Mr9z,32,305.59375,518733449256.9375,166513.3125,816179096.7738187,1.329210898500371e-09,218420260066142.62,409569853019395.06,211801464306562.53,7576675.90625,6099052.032512955,7347079.666666667,2014-01-08 19:26:07+00:00,2013-11-10 10:55:42+00:00,5.89115181289638e-10,73554.0
1EDcm7ZsUhGhRY7SwDmQ6DueQpe76HGEbi,11,177.63636363636363,376841249882.1818,99513.90909090909,334929906.6582382,7.576012785808457e-10,132676556379942.9,293269507429223.4,121620176681614.33,6413061.545454546,7544630.3450035965,5878639.75,2013-11-04 10:51:14+00:00,2013-10-18 13:47:20+00:00,4.713824818591411e-10,10444.0
1EEbfhR1cg3dFvesk4pmMBxQwaEkvmgd5m,37,829.4324324324324,1082738905430.3513,383274.97297297296,58128347152.06016,1.0016810126750297e-09,1406022483750719.8,2250290580893903.8,1369021892073069.2,14521484.621621622,11474439.411428813,14139340.289473685,2015-12-15 16:04:49+00:00,2015-08-18 07:01:44+00:00,7.660502714666576e-10,2216201.0
1EFg9XXX1U99pNJJTeQwuuEpbHFW4XS8uL,972,1734.8004115226338,1457206259941.5452,865046.7818930041,405762260969.5815,2.0598888858974185e-09,3016386439133468.5,3437380032439746.0,3013286350295715.5,105302528.91872428,88662380.28266475,105194304.3257965,2017-07-30 14:18:13+00:00,2016-08-16 10:24:00+00:00,1.19049750142593e-09,1419.0
1EKFdxiNJ37LFu7Ambf8TETeBUFKN2SeUh,33,1978.3636363636363,1829575226784.5151,1265894.6666666667,23411407337436.45,4.62430713219296e-09,4448605302645421.5,7001405030946534.0,4317763970214674.0,105196351.54545455,76549611.4151757,102102341.20588236,2021-06-05 08:18:29+00:00,2021-04-15 21:29:42+00:00,1.0813240184939633e-09,50211.0
1EMVSMe1VJUuqv7D7SFzctnVXk4KdjXATi,19,1959.7368421052631,2735035043997.263,1302227.105263158,26243146129190.25,3.367990077239518e-09,7138847201259310.0,9991481937477184.0,6781904841196345.0,8533415.94736842,6596470.106145984,8106745.15,2022-04-20 15:09:12+00:00,2021-11-20 12:13:24+00:00,7.165307978069271e-10,396226.0
1EN3EqqQfqq484WNATFAMA13VXpJuJNv5c,55,315.23636363636365,498589404628.7455,188826.4909090909,781289468.3562616,1.1822979495353773e-09,316735129139126.6,635018902974151.0,311079144690213.6,8336534.6,8052381.913083619,8187667.910714285,2014-04-19 06:57:22+00:00,2013-10-12 13:12:31+00:00,6.322564432974497e-10,859726.0
1ENSm9SEjPbyQjwmCorWRRkufwt4hWpSYY,10,192.5,326669751851.5,118204.7,195526113.5191816,7.90394363546781e-10,72676733370389.9,103492238029063.64,66069757609445.37,9250834.6,8704885.237850744,8409849.636363637,2013-11-12 06:09:23+00:00,2013-07-06 20:00:20+00:00,5.892801488627209e-10,144697.0
1ERSHV5douNTHuCnJj7uSJDtPvEKX2NZvZ,591,1592.46192893401,1400294599981.325,794953.0355329949,432660017253.157,1.9501091000001916e-09,2834811211483505.5,3257825613536338.0,2830022679031675.0,108443875.01692048,100594188.88313636,108260692.7956081,2017-07-29 15:52:49+00:00,2016-08-18 04:53:45+00:00,1.1372334999758251e-09,119507.0
1ERfGndGG4DD1XUzVrnAUqKBPDTu3zZV1z,616,1692.8474025974026,1413814294842.5178,835742.2954545454,386964162650.91425,2.0412858206039085e-09,2875986460183240.0,3246965242713964.0,2871325217946314.0,98898069.19155844,91090372.16398422,98737780.58670989,2017-07-30 00:48:07+00:00,2016-08-17 05:13:51+00:00,1.1973619228301591e-09,939.0
1ESy8m4rmRiVGHKZ7FvUsRB7S4CaRDejhs,10,291.4,655322389142.0,141933.3,648652921.1536114,4.398351133803123e-10,276130902991694.6,320769752896319.56,251028093628813.28,8344596.3,5606588.864810067,7585996.636363637,2013-12-06 08:45:42+00:00,2013-11-20 14:02:45+00:00,4.446666325280355e-10,115866.0
1EVzaFkkNNXq6RJh2oywwJMn8JPiq8ikDi,1261,2081.319587628866,885396446806.1364,1036473.9024583664,6078123507194.284,4.3204434666738004e-09,2166222473137023.2,2482761839710462.0,2164505973554505.8,23108699.478984933,22581501.63940122,23090388.3066561,2019-05-06 09:44:35+00:00,2018-04-12 07:34:38+00:00,2.3507205107234695e-09,853622.0
1EXvnuRqFeoWhT91KbB92JrkVN8HzwdbMj,29,570.5172413793103,598559632925.6897,321079.9655172414,39957607380.720375,1.36205118732922e-09,646936476643315.0,1629700280753550.8,625371927421871.2,8116542.620689655,6556503.723858037,7845991.2,2015-01-02 12:59:25+00:00,2014-12-11 08:24:39+00:00,9.531502126040283e-10,31533.0
1EZBqbJSHFKSkVPNKzc5v26HA6nAHiTXq6,872,1771.3165137614678,1518984963479.3176,847160.3910550459,374443363504.80774,1.9371838770992704e-09,3191124930815335.0,3447819927670435.5,3187469575797218.5,99361063.52637614,86858750.05114952,99247247.87514319,2017-07-30 00:32:28+00:00,2016-08-18 13:38:43+00:00,1.1661185306957687e-09,31179.0
1EZMV4hg2SSHZknhU3L5A5dad4zdreWkns,80,2013.3125,1035401177663.45,984190.1375,5693333166821.787,4.57450913327612e-09,2637357399463021.0,5014672370060405.0,2604797431568415.5,13425140.7375,11367072.05560313,13259398.25925926,2019-03-01 21:36:00+00:00,2018-12-14 18:07:11+00:00,1.944475767879041e-09,341517.0
1Ebb8NfVmKMoGuMJCAEbVMv2dX8GnzgxSa,3673,1137.9000816771031,1987550586089.8833,617462.4821671658,113452272557.18733,1.1556033705084834e-09,3735584846455661.0,1.6824940575883572e+16,3734568084113131.0,24390257.80152464,23754704.57528645,24383619.19025585,2016-08-16 00:31:39+00:00,2014-12-31 08:42:20+00:00,5.725137712925832e-10,8946.0
1EepjXgvWUoRyNvuLSAxjiqZ1QqKGDANLW,1127,1878.7586512866017,1634702901744.0266,1263632.8340727596,21065549055278.195,5.595986647120729e-09,3656495953717529.0,7550058166039506.0,3653254379290474.5,51482610.59272405,50496705.236616,51436969.98049645,2021-11-22 18:50:01+00:00,2021-03-13 08:25:34+00:00,1.1492967005088188e-09,1592223.0
1EghvgKWuUCrNUbncMmvdorEhFd1XozXXC,72,66.5,204761063245.25,34279.569444444445,235556081.35554063,1.4070214589156008e-09,24815423967139.457,81617594586100.22,24475486652521.11,2046374.513888889,4295994.26969024,2018341.98630137,2013-11-08 08:16:33+00:00,2013-10-01 07:35:38+00:00,3.247687765732612e-10,1098.0
1Egm467KP9nkg2byFy4ouvXC1qZGeVbEXL,41,1752.560975609756,1507139703585.0977,869909.8780487805,330122169742.84784,1.7279084403882876e-09,3327554498923834.5,3472253954951285.0,3248327010854219.5,65625522.97560976,32881910.368701737,64063010.52380952,2017-01-24 00:14:15+00:00,2016-12-23 02:35:28+00:00,1.1628390994151798e-09,4465.0
1EhfADvRHxYJavbA58N68QhBEzJMstsNRk,11,440.3636363636364,433567652866.4545,239135.54545454544,16818461371.16111,1.2744285548346025e-09,352188614428172.2,630804791077993.0,322839563225824.5,6821875.909090909,7722473.87824098,6253386.25,2014-07-03 03:46:37+00:00,2014-07-02 07:39:35+00:00,1.015674563017447e-09,55116.0
1EioJVmQ9NVWGdZKvnQ3gpw5V4fj8trvpa,105,2284.152380952381,1747633665565.8953,1280577.238095238,18118087997309.3,4.598778417725888e-09,4164157587890688.0,4573399852289536.0,4124873082344549.5,77375319.61904761,56086353.06904606,76645363.7735849,2020-11-11 20:40:18+00:00,2020-08-11 14:11:51+00:00,1.3069972420179702e-09,114866.0
1En448pmRoki8JpDj4f9YfXD73SGgq6apb,21,169.1904761904762,1732958203247.0476,77143.47619047618,2130145.1390471784,3.239898427024116e-10,332824543469247.6,487512008065948.94,317696155129736.4,11696353.38095238,9467423.7741878,11164700.954545455,2013-01-27 05:45:35+00:00,2012-04-11 14:17:11+00:00,9.763101953264864e-11,993390.0
1EoAmuLBeLC2YpRAFwRnzM6PrbaGUNFgW8,93,251.2258064516129,3256099384887.7744,109707.02150537634,1990724.976797543,3.6889989810930527e-10,1400489397858624.8,4372442995154968.0,1385590574477150.2,18877087.80645161,19474079.267718647,18676267.723404255,2012-12-17 10:20:40+00:00,2012-03-28 01:14:13+00:00,7.715544790113085e-11,568688.0
1EowSPumj9D9AMTpE64Jr7vT3PJDNopVcz,32,1309.15625,928276688856.9688,731752.6875,812135714113.8197,2.3755934328994226e-09,1435368989145492.0,1498894264424899.5,1391872959171386.2,147652664.0625,109087852.82305881,143178340.9090909,2017-11-07 16:03:01+00:00,2017-05-23 23:27:18+00:00,1.4103082256778703e-09,6511.0
1EpWvMPqG5opkZq5NmccFMSNNQcXqTj5Jd,740,312.5486486486486,790541411295.227,136992.90405405406,11926269.37943312,8.159083528510039e-10,390116762318215.2,885042694278669.0,389590288954762.8,28495655.49189189,55339098.54913874,28457199.816464238,2013-09-13 14:50:00+00:00,2012-11-10 23:09:33+00:00,3.953602482842326e-10,604373.0
1EssKLpCM1FUyRAofZyBSvvmvjLVsjdiW6,26,228.0,2450541096863.5,103377.34615384616,2623133.762089315,3.262835128487397e-10,888450969625492.6,2401175587157398.5,855545378157881.8,19451781.384615384,21082134.589992538,18731345.037037037,2013-04-17 04:42:22+00:00,2012-04-16 09:29:49+00:00,9.304067591105576e-11,194240.0
1EtpPfHV2rxUiybY6WKboFFPyc8PeTKZA2,124,2301.8870967741937,825134520278.4597,1130716.2338709678,8934084879579.135,5.195363539370854e-09,2107738420973275.8,5197155180881362.0,2090876513605489.8,45952651.61290322,43592114.77216335,45585030.4,2019-11-14 23:12:29+00:00,2019-02-26 11:33:00+00:00,2.7897113018582367e-09,437015.0
1EumVdqEy5t9SUqZBcY2tGKB1BHxxu4fhP,16,453.5625,816224995943.75,235514.5625,594487102.5527685,8.209394500456187e-10,542237276395641.5,757459313814700.8,510340966019427.3,14954461.375,18567393.125760116,14074787.176470589,2013-12-19 19:54:24+00:00,2013-11-04 06:50:22+00:00,5.556831783564457e-10,8625.0
1Ex7XzK8JhY9w9hLsPp7AEXVGNZgdcHTDV,22,2092.590909090909,778692228735.7727,947972.3636363636,5731467249573.828,3.6850350973167274e-09,2022920166485116.2,1916521728191361.0,1934967115768372.2,15901879.227272727,18391231.676737685,15210493.173913043,2019-01-31 09:26:58+00:00,2018-12-28 19:25:22+00:00,2.6873144894335023e-09,350634.0
1ExeYNH35c2aKBpoEnth1SyWZthrff5CyJ,727,125.30674002751032,3384696576040.725,58532.89408528198,2331313.4167104876,1.7525367874544013e-10,699228496891791.9,2518384362337642.5,698268018187270.2,8870550.674002752,9806607.163824717,8858365.851648351,2012-11-06 19:03:58+00:00,2012-07-05 22:13:48+00:00,3.702155783018188e-11,3160.0
1EyTmYiL9u23upHQfFopkaqM3Arkje5eS2,81,2119.617283950617,1835756146659.284,1189390.4197530865,17744031027963.91,3.6079375681669843e-09,4263464280046484.0,5242021464661227.0,4211470813216648.5,77210870.93827161,70147113.44807823,76269274.95121951,2020-11-10 12:45:52+00:00,2020-06-06 06:26:10+00:00,1.1546290000487837e-09,13945.0
1Eys1tWf2HDwbBctJ8KG4STFYQHH9eV8L1,20,1755.95,1667461503547.9,889891.0,775362167533.912,2.180912549190397e-09,3493653816525139.0,4087168248979117.5,3327289349071561.0,209529383.5,142594111.2213243,199551793.80952382,2017-08-27 20:28:04+00:00,2014-06-27 21:05:32+00:00,1.0530677897293705e-09,186353.0
1Eztv613HRPpMMP9smAvSCe19pkb3DocZD,11,429.8181818181818,444198878241.7273,303511.0,40353007405.07411,9.318326894455024e-10,429020163322723.6,803771781136045.6,393268483045830.0,6449970.818181818,8588055.612618677,5912473.25,2015-01-07 04:09:08+00:00,2014-12-08 10:57:05+00:00,9.67625545385282e-10,88428.0
1F1MAvhTKg2VG29w8cXsiSN2PJ8gSsrJw,935,989.5294117647059,1407358142507.8513,550890.9390374331,79852055582.8928,1.304105092134525e-09,2429287997796272.0,6598111726227897.0,2426692604636233.0,18456409.322994653,15963689.484433351,18436690.936965812,2016-03-30 23:16:24+00:00,2015-01-24 20:37:11+00:00,7.031112990197415e-10,460599.0
1F1uff28HXfvD3giunPytEnKnrqREw4AXs,46,609.7391304347826,713336519021.2391,350306.17391304346,57486966731.279564,1.3021379003531726e-09,677525754447547.6,1076786576775359.1,663110312863557.2,11170038.347826088,9748045.167000372,10932377.957446808,2016-01-12 08:17:41+00:00,2015-03-23 03:09:40+00:00,8.547706645825433e-10,1172617.0
1F1xcRt8H8Wa623KqmkEontwAAVqDSAWCV,1895,1789.0274406332453,1586692453479.9082,920617.1166226913,504012638734.14105,1.7923371757365708e-09,3416226820317382.0,3728679930492947.0,3414425012922699.5,121685301.0833773,157923708.66233474,121621121.07225738,2017-12-07 08:06:15+00:00,2016-03-04 08:40:41+00:00,1.1275199782475674e-09,96374.0
1F2XbLPRvnsQEATiYttBuNsjrSM7h225zh,12,399.1666666666667,1486967095388.0,217844.25,28841151.314896986,4.1202260127392183e-10,725106231957751.1,801361004183579.1,669328829499462.5,97794865.91666667,282288555.47492737,90272183.92307693,2013-08-08 01:20:33+00:00,2013-07-06 01:58:25+00:00,2.6844351021937753e-10,757871.0
1FAa5tSMQ3UkuiZASnRfjKMVZ985m97fQy,10,645.8,735056332808.1,364439.4,45338715515.09547,1.0444385364763114e-09,874265664631128.6,1702854199298511.2,794786967846480.5,9987267.3,9007276.251157185,9079333.909090908,2015-06-17 06:11:56+00:00,2015-01-04 06:48:19+00:00,8.785721191366131e-10,333061.0
1FBMmZvoiVX8d529Y8dF8uYi4ApgKWbvgT,174,1765.212643678161,2663823930564.8564,1165250.0402298851,22964579095046.527,3.6127020031420588e-09,6068763244030106.0,9179406493378346.0,6034084596921362.0,9343549.614942528,7519360.855599374,9290157.902857143,2022-03-27 19:59:24+00:00,2021-10-13 17:30:24+00:00,6.626611554254836e-10,2076574.0
1FCMHSWjy6cWPVoKQ5YM7FgY9C2XuMcMQf,235,2028.7914893617021,799342889142.2852,1008899.1574468085,5925529193742.349,4.363706114260294e-09,1960539931036449.5,1933521388523678.5,1952232558447312.0,15580809.340425532,20207097.298505638,15514788.961864406,2019-03-04 12:23:00+00:00,2018-10-06 10:19:24+00:00,2.538074106768681e-09,137459.0
1FDpg9yB1wt1wFMPYV1zHYegcwVewK6VLH,23,236.52173913043478,1893411017204.8262,121189.43478260869,2465840.55342118,3.9989029589216524e-10,572836529620300.1,744113164576641.1,548968340886121.0,17575426.04347826,14773846.685003236,16843116.625,2013-02-26 18:11:27+00:00,2012-04-08 23:49:32+00:00,1.249183283403533e-10,444567.0
1FFxkVijzvUPUeHgkFjBk2Qw8j3wQY2cDw,67,2130.4328358208954,1138764392484.9702,1264407.2686567164,19188430629935.656,6.461540513671699e-09,2553980658659481.0,3054129263464011.0,2516422119561547.5,71621998.71641791,55141105.49195187,70568734.02941176,2021-01-31 08:51:22+00:00,2020-11-03 17:58:45+00:00,1.8708284609882666e-09,262200.0
1FGLzXwFzEve4rhQ91gznjjfzhAmF4Cmux,17,340.29411764705884,356811187906.94116,191414.17647058822,7690362504.073068,2.888967805518469e-09,328919164906564.6,777748286193024.5,310645877967311.06,7307270.764705882,8255600.932123609,6901311.277777778,2014-06-06 21:15:28+00:00,2014-03-08 01:05:58+00:00,9.537092142295995e-10,55899.0
1FGNrRbpWkqwYz9rWXR8UD2boHVfkLgeQg,441,89.23809523809524,655414228595.1587,48178.589569161,1501773.5105366567,2.781679584655109e-10,133530967919686.19,424426438079488.6,133228861657424.45,7672065.857142857,18319897.75884963,7654708.2420814475,2012-09-06 11:53:37+00:00,2011-09-10 21:19:00+00:00,1.3615526081783696e-10,797472.0
1FKK779mLcErfNFP8F3rgwGMztDGVWAsSq,14,276.35714285714283,126247074380.21428,153330.7142857143,29829733124.040417,2.5744478100130756e-09,95245882474087.5,260935731404635.78,88896156975815.0,4022295.285714286,5446371.670155242,3754142.2666666666,2014-09-23 00:35:48+00:00,2014-09-22 10:43:06+00:00,2.1890181947887905e-09,140294.0
1FLH1SoLv4U68yUERhDiWzrJn5TggMqkaZ,113,1559.858407079646,1894393562376.0796,822683.3362831859,883812168844.5707,1.3301440382215306e-09,3456413113070480.5,3613359768823903.0,3426093699797932.5,170756846.61946902,130084453.88143834,169258979.54385966,2017-12-17 18:19:38+00:00,2017-05-20 09:31:00+00:00,8.234077849816822e-10,900803.0
1FLaPBasuz8hyMU6XpLL2shUpvEzmCErWe,32,576.5,565027775660.4062,323911.3125,39589431726.95823,1.6458913473312155e-09,467166877256590.25,628325621926736.5,453010305218511.75,9534951.3125,7616841.363085735,9246013.393939395,2015-03-05 23:26:08+00:00,2014-09-29 07:54:06+00:00,1.0203038236946582e-09,49355.0
1FMsAubPkxWzUZvyHmqxuya7BmvmDvM4xU,22,48.27272727272727,489684893689.0,25634.18181818182,2362585.5272098337,2.7299488767230075e-10,50373575130169.0,128309189795483.97,48183419689726.87,1946694.7272727273,2897126.263664312,1862055.8260869565,2012-10-30 09:34:09+00:00,2011-10-13 06:19:49+00:00,9.85791636516878e-11,264588.0
1FNy5KXbHykxSRm4kLJyg4BAGxEaZHgiGc,26,541.1923076923077,499167236609.8461,301058.96153846156,40348577441.82024,1.8343415793609584e-09,495952707814735.56,802214787618768.6,477584089006782.4,8487906.461538462,8727098.623799995,8173539.555555556,2015-01-05 05:29:55+00:00,2014-12-06 11:21:54+00:00,1.0841903634699262e-09,134642.0
1FPK9iRTEpvN3HU1a9DV8PmkWKmxW1KmEd,26,2037.1538461538462,1044529443874.6923,1237267.3461538462,19157154724710.137,6.1419210032732556e-09,2581191340857635.0,3673148648387534.5,2485591661566611.5,38305100.961538464,23985232.86323293,36886393.518518515,2020-12-13 21:01:32+00:00,2020-12-05 02:07:05+00:00,1.9503077276567753e-09,828219.0
1FRWttWtYGYaETT1kqRJwXwHkmoqreKSb4,33,308.45454545454544,1366745547713.606,170813.66666666666,45867181.12971869,5.303545611131321e-10,792247871836018.0,2619763258508778.0,768946463840841.0,10382237.757575758,6639379.846076208,10076877.823529411,2013-11-08 02:43:37+00:00,2013-07-06 16:13:32+00:00,2.2568542181867814e-10,14533.0
1FRWyDG8dx9fU3kWRdHc65TC4KGZJVUNPv,71,775.0704225352113,641259321992.4366,507418.40845070424,45930933035.71173,1.964198360352182e-09,876869978156931.8,1908477047636033.2,864691228460307.6,12870197.126760563,16466363.89464367,12691444.388888888,2015-03-10 01:33:37+00:00,2015-02-15 12:26:24+00:00,1.2086692480773836e-09,314530.0
1FRz1sajcX4D6L8KKuTjKMQaq2zWNQPiTt,14,232.21428571428572,397713409539.8571,151239.35714285713,2193847870.174279,8.607973758039754e-10,104785469120466.58,122923571501722.34,97799771179102.14,4882754.928571428,4262451.89097596,4557237.933333334,2014-02-05 02:21:35+00:00,2014-02-01 09:46:43+00:00,5.838734127243809e-10,367788.0
1FVKW4rp5rN23dqFVk2tYGY4niAXMB8eZC,1626,1784.9975399753998,1042527965663.0848,966213.7638376384,4066912254411.0474,3.2436700472986203e-09,2306265724595198.5,3371096452331639.5,2304848228759553.0,111250058.14391144,176230392.50967255,111181680.72649047,2019-07-31 13:53:20+00:00,2017-08-28 04:07:05+00:00,1.7121819258249615e-09,1385372.0
1FVjLnnGDDGk8v7fLojEhwUo3KcoQ3TcKp,22,279.6818181818182,2181970238779.682,129958.5,3006493.3986137337,4.57645914820152e-10,592010033375710.8,800850911810192.9,566270466707201.6,20898357.318181816,15569469.460826047,19989733.086956523,2013-04-14 22:45:02+00:00,2012-04-18 10:54:23+00:00,1.281785668801041e-10,313980.0
1FWFLrtDk6f8P9pMWVsJLMbCLPhi3FAg5r,15,462.4,663370579229.0667,278615.0,39603666252.41841,1.4460960467662038e-09,651755251285554.6,1507393665206602.8,611020548080207.5,7056385.333333333,7076337.98317281,6615361.25,2014-11-11 05:37:07+00:00,2014-11-10 08:21:36+00:00,6.970462882712951e-10,90641.0
1FXSr8gta3xzwptVV5mvHgYoYhDkzC1Qs8,51,491.47058823529414,546933412256.451,257273.54901960783,51371112479.28186,1.1933006263101937e-09,451197119906687.4,736635328987182.5,442520252216174.1,9342029.901960785,8288421.17625062,9162375.48076923,2015-08-27 16:47:51+00:00,2015-06-14 16:33:07+00:00,8.985930960181476e-10,55905.0
1FXpcYNUUidn1YwxNbYQ4Eybqhv4DDsMX1,105,2351.552380952381,1016784873178.3334,1152530.4285714286,8609562813145.036,4.638359007537991e-09,2683676265082859.5,5204454552611263.0,2658358564468870.0,46061967.38095238,40609869.455372185,45627420.518867925,2019-11-09 21:48:54+00:00,2019-03-03 00:31:00+00:00,2.312733443409463e-09,141697.0
1FadDQWq27kyoWkwWYmNBaZvN9qFz4Dsuj,502,751.4243027888447,734013569476.245,395571.8605577689,48272054684.17499,1.2828199516071138e-09,902562944434539.4,1511789070401421.5,900768584704053.1,10900561.79880478,9100889.145536972,10878890.701789264,2015-05-30 00:58:39+00:00,2015-04-02 14:14:35+00:00,1.0237199066020306e-09,460024.0
1FcTuPJzdekvzTyQ5dXsnsVyT4F5G1tCjc,24,140.41666666666666,1127341507528.625,56483.833333333336,1618322.4494978571,3.6674529483742694e-10,394310295721182.2,878163214328214.0,378537883892334.9,508658285.8333333,2447956578.2004285,488311954.4,2012-12-22 11:49:43+00:00,2011-12-06 19:25:20+00:00,1.245555723167598e-10,341103.0
1FdG1qePqKhgK9VtFEmmb5hYdFs6eKQ5Lf,10,240.6,188069338479.4,122176.2,18835761996.536934,1.7090316067816141e-09,92081448729723.6,145206409445152.7,83710407936112.36,3593557.6,5244715.418387609,3266870.5454545454,2014-08-08 05:11:31+00:00,2014-08-07 07:43:36+00:00,1.2793153947651807e-09,9773.0
1FdJkPdpXtK3t5utZHJAop3saLZWfPfgak,194,1878.541237113402,1617120604168.1494,967594.6443298969,1325981372957.5608,2.4676058799329837e-09,3415092855346152.0,3599570733410987.0,3397579558652069.5,213050791.3041237,170571327.1942057,211958223.14358974,2018-01-30 12:58:21+00:00,2017-08-01 08:17:28+00:00,1.1616580929532638e-09,41451.0
1FeDtFhARLxjKUPPkQqEBL78tisenc9znS,5581,1025.5597563160725,1493243319487.6226,623494.9369288658,81691563560.43556,1.624402992675177e-09,2556099757978884.5,1.8907761110161784e+16,2555641839713392.5,20188856.98853252,18508070.109693125,20185240.210139737,2016-09-25 07:55:06+00:00,2014-10-08 13:30:23+00:00,6.868001637321729e-10,491834.0
1FeSd8XvDzBgTy4jYKwMSmD4xcT9rjkfgb,137,2257.4379562043796,1284202673627.2483,1301472.802919708,20062891483943.727,5.750992319363501e-09,3081854775496346.0,3553774612424077.5,3059522494514488.5,74396348.10218978,40571249.467507236,73857244.13043478,2021-02-07 01:42:21+00:00,2020-12-29 22:15:07+00:00,1.7578517803799728e-09,12273.0
1FewyswFjX62UybWzi546V1Cxj1CUxozWU,75,560.2133333333334,693597187137.7733,324735.3333333333,34202632927.01953,1.9940621762686406e-09,615778279096551.5,1546751732363311.5,607675933318965.2,8510086.96,7202479.791379641,8398112.131578946,2015-03-06 10:11:27+00:00,2014-07-06 11:29:44+00:00,8.076926258094165e-10,38719.0
1FjPaeiQJMeGtP4uzcTHffBRgDf6sEYmWL,38,396.3157894736842,513462069109.4737,188302.68421052632,3617101249.677373,1.20168135417253e-09,261363851324926.1,326250522113855.4,254662214111466.47,7429188.263157895,4979319.163336972,7238696.256410256,2014-03-09 21:56:55+00:00,2014-02-26 13:16:31+00:00,7.718501780687269e-10,261464.0
1FrMkKMyzU8oTeghLDpG3mTGRKw6GJux3R,10,197.0,207621535366.8,107573.5,149859741.92777878,1.629859154671389e-09,95186607339357.0,188076979333263.25,86533279399415.45,11093940.5,15538807.518494392,10085400.454545455,2013-11-30 11:00:04+00:00,2013-07-14 12:03:58+00:00,9.488418417288208e-10,30222.0
1FscNBYzd5CqDzUVQ9YapLQNtLbswkM4NL,48,305.8958333333333,518465030594.4167,147538.47916666666,659714827.30601,1.1082266468779101e-09,288394942531221.5,549277642127722.94,282509331459155.75,8391864.25,7824021.699404135,8220601.714285715,2014-01-27 13:06:08+00:00,2013-10-12 16:48:39+00:00,5.900028261937469e-10,549812.0
1FwP3UfKvQLFFZVxsUgR97jjVF5SJik7XC,13,330.7692307692308,213500064920.0,207045.53846153847,12216933569.273655,2.3441081203512668e-09,135951178502716.16,334046766497349.7,126240380038236.42,6530324.538461538,7743437.511329628,6063872.785714285,2014-07-16 20:16:18+00:00,2014-06-01 02:40:32+00:00,1.5492699306352547e-09,234315.0
1FxkyjDb5CBMmYevvvCEfuNAVdHuKSJspi,212,725.5424528301887,952266603161.2594,418489.7783018868,80536612238.222,1.394421633820723e-09,1161654056223401.8,2121566904973878.0,1156200281311554.8,15961756.344339622,16290639.95979205,15886818.52112676,2016-08-26 16:23:41+00:00,2013-12-04 15:58:43+00:00,7.61911055603116e-10,491857.0
1FzqBjveZpc9e4ZcNXW33zuf5318yAtJYj,209,242.2200956937799,3374202070055.4404,105412.46889952153,3047272.734870952,3.406907590184826e-10,1160744714975026.0,3251169541706474.5,1155217359189430.8,18394748.598086126,17540469.1737289,18307154.557142857,2012-11-06 18:01:02+00:00,2012-09-14 04:42:05+00:00,7.178588912720336e-11,276290.0
1G9BpYzPsDfVTRk3SjqqK97oVk5MSZ52p6,33,616.6666666666666,530232498779.6667,418133.8181818182,34640106641.65603,2.075520117463636e-09,475013072570196.6,837104917012477.2,461042099847543.75,12557292.909090908,16878543.094390474,12187960.764705881,2015-03-05 09:43:33+00:00,2014-08-06 10:11:29+00:00,1.1630118261063378e-09,111913.0
1G9QNTLvP3PbhDf6r9AhtwYQBxbt8rnnu8,11,364.45454545454544,326012560527.5455,172157.81818181818,2205404548.911182,1.513083650502151e-09,182953910449213.1,294668107886004.2,167707751245112.0,7287135.909090909,6564903.0110053485,6679874.583333333,2014-02-22 11:10:56+00:00,2014-01-19 04:49:09+00:00,1.1179156559636662e-09,166256.0
1GC6HxDvnchDdb5cGkFXsJMZBFRsKAXfwi,49,1612.0816326530612,3991545807408.857,852712.4489795918,142087682350.44806,9.451805067797954e-10,9564472506431856.0,1.9505303362177068e+16,9373183056303218.0,31235543.91836735,17195039.531737003,30610833.04,2016-03-01 16:59:28+00:00,2016-01-31 21:34:41+00:00,4.0387401534032663e-10,251394.0
1GG9HQZchCRxPSBV5SwZ9GoYEVq9vVLGqU,66,50.15151515151515,334973971772.5,27519.727272727272,1240611.4466220413,2.482485165972088e-10,23911120694267.59,44518144503837.664,23554238295845.688,6002664.545454546,11747080.907769466,5913072.537313432,2012-01-26 02:41:22+00:00,2011-12-30 18:48:05+00:00,1.4971764787019307e-10,967619.0
1GGVWLiLUUPew98AR5b3fuQ8eH2TCtbqDs,28,359.5357142857143,922265661236.6786,158582.39285714287,707408283.0514966,6.432055010735542e-10,469264475797555.56,678055471729099.2,453082942149364.0,9319796.25,7990406.060461076,8998423.965517242,2013-12-10 02:30:16+00:00,2013-12-02 00:04:30+00:00,3.8983964100279733e-10,78000.0
1GGtmLXGSsQri3nQN9cZ9KTrsmxRjaTGyL,64,646.796875,788094505833.8281,315834.390625,53967355679.90916,1.1522784312042225e-09,890458268233327.4,1626187683183507.2,876758910260507.0,12914347.71875,11179217.93627387,12715665.446153846,2015-10-17 22:54:33+00:00,2015-06-30 23:12:53+00:00,8.207097882450901e-10,213376.0
1GJrtQWQNxNxoSLqMG2LXfYU7EH2gvQJek,66,1156.1515151515152,859965716582.5303,643947.0303030303,3768779405967.0625,2.052086358307712e-09,1547564542981075.0,2390943923734290.5,1524466564727626.0,63216818.22727273,88525236.46218312,62273283.62686567,2018-09-26 21:32:34+00:00,2017-08-26 01:21:18+00:00,1.3444158213027557e-09,97885.0
1GKbGYiWZJfcSWdXcmorUC2nKZo6qW1kuQ,16,1746.6875,892175949096.9375,1012503.25,6179244102131.232,4.246751683580343e-09,1950891886626800.5,3813796938082385.5,1836133540354635.8,15279375.5625,14158823.351542568,14380588.764705881,2018-12-11 00:17:26+00:00,2018-06-25 00:26:19+00:00,1.9577836656188737e-09,15015.0
1GMwLzPYP9jCHzBhGCMXxJ6dycDSwLjSUT,12,367.5,378630884268.3333,148350.33333333334,90759854.08028096,1.295241504788973e-09,198534108934452.16,204299129621859.25,183262254401032.78,20294898.333333332,22203136.15794811,18733752.307692308,2013-10-23 10:14:27+00:00,2013-07-07 15:53:18+00:00,9.706022811904458e-10,80058.0
1GNgwA8JfG7Kc8akJ8opdNWJUihqUztfPe,4789,1663.8110252662352,2487263016307.011,1134989.4861140114,27956444726262.38,4.115332415583246e-09,5944861261115213.0,1.174776875321493e+16,5943620162730847.0,8689913.49384005,7907791.441970082,8688099.31565762,2022-11-29 16:54:43+00:00,2021-10-13 20:48:44+00:00,6.689324829573494e-10,1051388.0
1GP8eWArgpwRum76saJS4cZKCHWJHs9PQo,123,1388.5772357723577,1167909165933.0244,677942.674796748,1098397165092.5858,2.0706927116547e-09,1961284544722040.2,2181422476294519.8,1945467733877507.5,103315549.84552845,74196374.11378273,102482359.92741935,2017-11-10 21:56:36+00:00,2017-08-28 01:27:24+00:00,1.1889428358609078e-09,280415.0
1GPV1JN8kJaVJffLbZ2maKbAcw4YLzJAne,13,504.0769230769231,1049648667417.6154,250843.3076923077,748462543.2049302,6.106676485263953e-10,1048958740242140.9,2120369587322507.8,974033115939130.9,14743324.923076924,19885596.50779718,13690230.285714285,2014-01-11 01:24:41+00:00,2013-11-12 11:06:39+00:00,4.802339475331988e-10,194314.0
1GQ18JvZvEKj4iwj9MTzHZsmyTD59b9XVD,50,51.2,737286272628.68,33273.6,1567554.286813222,1.9388176582326315e-10,58884678699069.82,106850223650262.22,57730077155950.805,3482229.96,4111397.6673361952,3413950.9411764704,2012-04-04 19:06:13+00:00,2012-03-24 04:09:55+00:00,6.94438536302247e-11,1528317.0
1GQanT474aZ9w3wKWe8qA9959u16q6d4g2,15,3.933333333333333,14144962895.2,2925.0666666666666,157416.40184364893,3.0580206410334135e-10,132384165032.4,297665519388.85657,124110154717.875,3008478.8666666667,5215058.347304478,2820448.9375,2011-05-13 19:09:33+00:00,2011-05-10 18:23:01+00:00,2.780730753749862e-10,152728.0
1GR2hojymSX6VVxWNgXRbR8sQsbXnaMp6n,32,638.3125,1250521206769.0938,422057.125,43530228940.930725,9.279638092754347e-10,1180922183685103.5,2088696823036848.2,1145136662967373.0,9132277.15625,6638318.305864653,8855541.484848484,2015-01-30 02:48:55+00:00,2015-01-12 11:27:09+00:00,5.104371653553759e-10,119251.0
1GRcX882sdBYCAWyG99iF2oz7j3nYzXhLM,98,1784.204081632653,1610636355036.9695,944755.2653061225,1291891407410.1648,2.1214432906875857e-09,3464923915240573.5,4283124455437957.0,3429924683773497.0,193294175.51020408,178258355.1733736,191341709.0909091,2018-01-25 06:46:32+00:00,2017-07-30 20:09:25+00:00,1.1077634476912696e-09,272786.0
1GRfvaBAhUnVsyL4BfDmfpV2UBso3Fc69y,280,164.35357142857143,1589897917273.3357,76869.63571428572,1591238.8186058444,2.656750971228433e-10,460564946678436.25,1149402176665565.0,458925925515879.5,10703885.407142857,11834073.970112398,10665793.288256228,2012-07-05 20:05:25+00:00,2012-02-12 01:12:37+00:00,1.0337366295217035e-10,2839.0
1GTF2PW1DBfKGdHwCej7U4y2k9KaJmzaQT,85,1521.9882352941177,1797502536070.9646,770024.2823529412,924569655681.7877,1.9093226505168156e-09,3460742970983818.0,4094727770731633.0,3420501773646796.5,162467281.25882354,138199482.34127295,160578126.8255814,2017-11-07 14:14:30+00:00,2017-07-22 00:25:24+00:00,8.467238319568247e-10,344342.0
1GUWNoSCnEf1wEiMx4RCGfvmYUYNCRh589,74,525.7162162162163,695949956265.7162,277508.86486486485,55713441410.58601,9.85564474025822e-10,682848851524222.8,1277811668708885.8,673744200170566.4,9592077.054054054,9519365.679383814,9464182.693333333,2016-03-11 17:55:20+00:00,2015-01-19 03:59:56+00:00,7.553937053708153e-10,647919.0
1GWgNhkwpQPBcURLcCaePkzbVyk5GPvZVP,11,271.90909090909093,176823471517.0,168329.63636363635,11756551916.903952,2.3842107872449087e-09,123165748265129.9,211073123557165.66,112901935909702.42,4316615.909090909,5891391.744781982,3956897.9166666665,2014-06-16 06:00:52+00:00,2014-06-15 08:42:19+00:00,1.5377431999062936e-09,90861.0
1GXqVMo4gE6P73tPCtyYXoDmKWGLeGJPhi,41,323.7560975609756,841989687565.0731,143480.31707317074,7852193.870284386,6.831523877801035e-10,378979862694788.7,545631369771255.9,369956532630627.06,25256221.219512194,17516809.462575004,24654882.61904762,2013-07-30 06:49:22+00:00,2012-11-29 16:00:45+00:00,3.8451313875023455e-10,256334.0
1GaKSh2t396nfSg5Ku2J3Yn1vfVsXrGuH5,305,795.1901639344262,808034381308.0984,456474.7147540984,45772468344.26838,1.3890124635641775e-09,983724691919241.5,1536484461984352.2,980509905344342.0,12322329.645901639,9841693.40517521,12282060.594771242,2015-07-17 01:20:32+00:00,2014-12-19 11:42:38+00:00,9.84104367746235e-10,181965.0
1GbVUSW5WJmRCpaCJ4hanUny77oDaWW4to,3491,1877.1417931824692,1721490306439.5967,972030.6522486394,701254843338.902,2.013617698448531e-09,3498097326532567.5,3781659724119248.0,3497095580448222.5,167418987.60383844,124556851.58168887,167371044.0220504,2018-01-12 17:09:16+00:00,2017-01-11 11:04:52+00:00,1.0904167082211415e-09,641769.0
1GbqpH5CeStEQmCAEZ6KSiJ6iNFGQ29WEB,88,2106.693181818182,927622964913.0114,987492.0454545454,5925511683034.622,4.177904203950281e-09,2330802584226942.5,2114816547109393.5,2304613791145741.0,24836488.761363637,28876555.46464304,24557427.08988764,2019-04-10 10:55:13+00:00,2018-11-29 02:20:56+00:00,2.271066221410052e-09,3191533.0
1GcF7j3YH8Qs8hvNEe7zbrQZftMU6sRLfu,581,655.5129087779691,722836246438.4114,363562.9535283993,36059735000.72198,1.551409849162743e-09,785116940312744.2,1719344420880181.5,783767942133512.6,9759784.839931153,8286939.821722869,9743015.45017182,2015-07-23 00:12:15+00:00,2014-08-14 21:45:49+00:00,9.068622554663513e-10,410994.0
1Ge2YYkawTTbfVTS4QQ5vGgVAJkmPANQaH,25,2029.04,571756544630.36,1034572.12,12895060154349.658,7.118863812666165e-09,1347289032288556.0,1184528892330547.5,1295470223354380.8,18264096.32,12117917.31157899,17561631.076923076,2019-12-23 04:43:19+00:00,2019-11-19 12:30:03+00:00,3.548783164890176e-09,32054.0
1GeixUVXntCPHD1AFfe3YTPbCnWSeKtr6U,23,176.2173913043478,1231128474587.739,83483.13043478261,2582741.9853336993,4.248160112697994e-10,305733865091243.75,565887566158503.5,292994954045775.25,12193300.391304348,12556172.755783292,11685246.208333334,2013-03-24 17:40:01+00:00,2012-04-08 17:32:52+00:00,1.4313485143242807e-10,32952.0
1GgGR3JyBRvZfWxihoYT51m9pyrhb5WAK6,11,167.1818181818182,781787975765.5454,107111.72727272728,31609860.390425052,7.956225009338718e-10,303492233896132.8,829511079592725.6,278201214404788.4,4932221.0,4484854.383773011,4521202.583333333,2013-08-28 09:31:28+00:00,2013-07-01 13:36:14+00:00,2.1384547136083766e-10,249103.0
1Gk8iNiU7XfTJnh1hG9XWaXdqbv9NsQKAD,14,183.14285714285714,184583043614.35715,135826.42857142858,18736441558.31024,1.3274468118493919e-09,73634634699071.36,183717479118771.12,68725659052466.6,3063142.214285714,4352884.053113596,2858932.7333333334,2014-07-30 06:35:07+00:00,2014-07-29 08:15:08+00:00,9.921976231223658e-10,124583.0
1GnRTWCCMCfZGBi1Afv8uQeMf6E2grR31A,17,283.29411764705884,2405915091650.294,147857.88235294117,2914011.246016077,4.738792857500136e-10,763597047116535.1,1635710834999168.2,721174988943394.4,22635332.05882353,17744956.66455398,21377813.611111112,2013-05-06 05:01:05+00:00,2012-04-29 21:19:46+00:00,1.1774900894475806e-10,300566.0
1Gp7iCzDGMZiV55Kt8uKsux6VyoHe1aJaN,167,1690.0838323353294,1378538499022.066,919899.4011976048,1516441311637.9011,2.2965411192141185e-09,2704959085427787.0,2709993755527291.0,2688858138490717.0,165194959.63473055,154456666.7073905,164211656.30357143,2018-10-13 07:22:51+00:00,2017-07-30 22:04:00+00:00,1.2259968318144712e-09,20808.0
1GpNEJs7u3mZmcDGEyjTTH7RY7HiYoXyNk,103,656.8155339805825,681681337404.932,352144.3980582524,40139108100.92415,1.302578455463655e-09,775928849674713.8,1230975954405655.0,768467995350918.5,9411114.378640777,8572128.903708244,9320622.89423077,2015-01-14 02:57:50+00:00,2014-12-06 01:51:20+00:00,9.63522833822897e-10,9323.0
1GqMmFSz8LmBRVaBy9W2rs3mxqCdnXe4Qa,141,585.2269503546099,690242843938.1348,326410.5177304965,40360811264.99394,1.3974857943235678e-09,732001704233100.9,2642063292169425.0,726846762653994.5,8313693.418439716,6668165.573070703,8255146.281690141,2015-03-15 10:15:01+00:00,2014-09-07 13:18:45+00:00,8.478565993029879e-10,394922.0
1GuDnEyYSE3Ra3pMar7311tx5poR5PGXR3,52,894.2115384615385,858242717816.1923,450536.28846153844,802524821965.9055,1.6994272253399273e-09,1099145718590307.5,1468263991183446.8,1078407120126339.5,47139066.788461536,75789741.27176276,46249650.43396226,2018-11-09 15:36:00+00:00,2016-04-10 17:57:33+00:00,1.0419098465954587e-09,44616.0
1GuMujABuc8kvzDTyVJFpcf4vszPUgsjiU,362,404.3425414364641,415244235701.07733,236052.8535911602,15387603992.36169,2.0309218318665433e-09,316004845282044.0,853300776917524.1,315134308518181.6,7278421.745856354,9284531.09341535,7258370.9972451795,2014-09-01 18:53:24+00:00,2013-12-07 17:52:37+00:00,9.737463080102549e-10,145555.0
1GvwttLWt8Pj6AtzJppujmaWpTrmKBLNYJ,15,508.8,376433915925.4,293465.0,40176399536.686,1.6279610080387117e-09,393277949111949.3,768258413132237.6,368698077292452.5,7152438.466666667,7755261.868804393,6705411.0625,2015-01-03 16:05:53+00:00,2014-12-05 11:43:15+00:00,1.3516316635529506e-09,33983.0
1GwGTpEmmskWehcHntDDA7i1sf2RULC426,10,6.7,50220165968.4,5288.4,1347544.6948702403,4.0932558498046567e-10,509163368492.5,819475987162.0485,462875789538.63635,1476031.9,1678520.0339513675,1341847.1818181819,2012-01-11 11:43:20+00:00,2011-09-11 21:30:53+00:00,1.3341254197000934e-10,345968.0
1GwvMEfJTTmYrvAgBD2Xw5J6oSgZuXM7ij,16,791.4375,921043227665.0625,363489.5,49939130470.907104,1.2507377676600723e-09,1195039349479796.0,1717392925384103.2,1124742917157455.0,12422212.375,11118177.45594444,11691494.0,2015-08-27 01:16:06+00:00,2015-04-30 23:06:52+00:00,8.592837732560869e-10,223034.0
1GzJciogpbihQ2z4nfSp9rPro8RYvKn8DB,45,354.53333333333336,590153837724.2222,170519.82222222222,4304992204.613397,1.5092185585687553e-09,325287880004837.25,1006307064161457.1,318216404352558.2,6168666.333333333,3883528.9469057773,6034564.891304348,2014-03-31 05:17:25+00:00,2014-03-08 20:18:26+00:00,6.007473148026975e-10,887174.0
1H1sq6Msgt9HjRrBuz8ieZdThzWXS6oPVA,2339,585.5280034202651,624252799087.5122,345086.05515177426,34875975191.54303,1.5335551808586024e-09,611422691634697.1,1460596772905125.0,611161399886135.2,8960424.340743907,8025433.220339181,8956595.09957265,2015-04-02 10:43:31+00:00,2014-06-06 04:48:56+00:00,9.379661641504015e-10,109076.0
1H2Dmpc3FhTMFnqiuL2YjkEhdBFX5tyXGq,19,310.0,1531113915193.3684,144653.36842105264,2426744.7149743047,4.782653757132734e-10,762315301286446.1,1288597360658665.8,724199536222123.8,23081484.157894738,19097455.430111993,21927409.95,2013-03-06 17:10:01+00:00,2012-04-24 04:16:12+00:00,2.0246697317805337e-10,110390.0
1H3u6R813MHGYhmGW6v86EYYriawRtACYD,255,1954.2901960784313,1472906280687.2354,996749.7529411765,1346823871075.0547,2.6052941435078307e-09,3252786263887995.0,3236959767410897.0,3240080067544682.5,224349888.36862746,204279582.10105667,223473521.6171875,2018-01-31 23:46:34+00:00,2017-07-30 20:49:33+00:00,1.3268258963269473e-09,37589.0
1H3uDUkWcURMQmtURQ1ypFLyqyKRTFqzoA,10,154.2,190036039580.2,103403.6,13462580114.52534,1.945271766239318e-09,70943591459421.9,133187719930748.4,64494174054019.91,2659229.7,3449604.761635488,2417481.5454545454,2014-06-21 05:59:01+00:00,2014-06-20 08:43:05+00:00,8.114250346441454e-10,98302.0
1H5NvB7W5hGhf3aPACDZPam7vmy3bYuTDa,16,354.875,354907462276.375,209115.0,10699626096.938421,2.041522913034346e-09,388501845853827.6,852118553790965.0,365648796097720.1,5351307.3125,8648208.89478937,5036524.529411765,2014-06-06 05:43:49+00:00,2014-06-05 09:54:00+00:00,9.999085331253202e-10,90132.0
1H5Qqo8huoczLZbPPCHCegSiwEYF648SSo,43,822.2558139534884,912196179960.0233,444631.3023255814,42200837505.40142,1.0773947236566246e-09,1089079915436860.9,1496091039359756.8,1064328099176932.1,11982031.767441861,8125778.2650067685,11709712.863636363,2015-01-28 17:41:24+00:00,2014-12-31 17:06:08+00:00,9.01402386918046e-10,89067.0
1HDZTaqRXXscinhnRSBQtjZ9wFPpj6XkYW,20,756.6,675665762902.95,404203.0,47279994880.448296,1.7324609946315477e-09,867216981795802.2,1417879556094974.2,825920935043621.1,11469169.9,10238610.382965175,10923018.952380951,2015-04-06 12:52:30+00:00,2015-03-13 15:15:52+00:00,1.1197844282494378e-09,3209.0
1HFBo8KGsx6GufonyMw3WKwLxckdvYatPF,27,1403.962962962963,757434173529.3704,940262.2222222222,3122770657006.6934,2.397653245254647e-09,1382087869527944.5,1310439713807867.2,1332727588473375.2,32348105.666666668,26464385.50920527,31192816.17857143,2018-03-17 08:49:08+00:00,2018-02-21 00:06:22+00:00,1.8535775279599566e-09,371738.0
1HGAnMXJjjytqSgT3mvRhZNUdMvBxPMXUZ,17,8.117647058823529,25223968027.294117,4856.529411764706,1193171.0179876417,4.356960168467218e-10,240592357588.29413,248656724653.12888,227226115500.05554,2949319.7647058824,3275995.149155626,2785468.6666666665,2012-03-08 16:36:16+00:00,2011-06-10 12:38:24+00:00,3.2182276198731545e-10,201896.0
1HGnRsZSiGwkMhCqMkVRxz75gfGrUt2CG3,263,2234.6653992395436,885293002267.5969,1114114.4144486692,8311384840707.516,5.1421637397618035e-09,2242268615863663.5,2499879246585493.5,2233775174136907.2,45114197.163498096,43630274.24231158,44943310.053030305,2019-11-18 15:02:24+00:00,2019-02-26 05:26:01+00:00,2.5242099435053173e-09,36934.0
1HHtfHUqjxvHsRrPyphfUhpeGQFKxxLTXN,39,212.92307692307693,2264538684470.077,95834.0,2621061.8285696893,3.8191763671800385e-10,568197255266882.9,1253473790893452.5,553992323885210.8,18191115.589743588,18821167.827026717,17736337.7,2013-02-14 12:26:34+00:00,2012-01-24 09:06:22+00:00,9.402492365587603e-11,527128.0
1HHzkojhwQ1wibkmhVNBTmiKAmcWsduT43,42,2008.0714285714287,657233102095.9048,960226.5238095238,13587314165341.068,5.340266577940857e-09,1676492633592254.8,1867788135134918.5,1637504432811039.8,16566719.785714285,13777692.773445776,16181447.232558139,2020-03-09 12:42:42+00:00,2019-11-19 11:26:50+00:00,3.0553412817579096e-09,39467.0
1HJcq13mRFS69bsA367Z1tRP9BgCA3cZNk,23,378.04347826086956,368172796656.56525,210822.95652173914,28058082576.048275,1.2624832045803066e-09,179651485650341.97,212059196293002.1,172166007081577.72,5566035.521739131,3464532.6343477727,5334117.375,2015-02-10 08:22:24+00:00,2014-05-04 09:38:54+00:00,1.0268099155992554e-09,744956.0
1HM1PXxUGgDXaLB4JWT8CxCZkj9Y9G5rB5,38,413.05263157894734,353809050257.2105,219838.68421052632,5810513660.272682,1.895718350630795e-09,232494910533799.56,347223409584969.7,226533502571394.44,7827888.368421053,5918422.595780516,7627173.282051282,2014-05-01 23:48:50+00:00,2014-03-22 08:08:32+00:00,1.1674450703809532e-09,11288.0
1HNZzSrsH7sJGnc4fjtais4ibkik9Se1X7,11,418.0,929525503587.6364,172927.36363636365,2968775.3320750743,7.013669964181901e-10,468635157572998.0,425639358401257.94,429582227775248.2,37879921.09090909,23848418.89875805,34723261.0,2013-02-04 21:52:51+00:00,2013-02-01 18:47:41+00:00,4.4969180338427437e-10,7581.0
1HQFE7GXdBUwi7A5wifUAVcuBuUyY7P1pB,34,150.08823529411765,997024554924.2646,103954.0294117647,5840193.141360047,3.8810898778144997e-10,256908565048319.56,797992295551310.1,249568320332653.28,14762290.411764706,32571772.25322189,14340510.685714286,2013-06-02 05:41:10+00:00,2013-03-12 22:30:17+00:00,1.5053614733241807e-10,565281.0
1HRTdFjc9SnmyFsNFWSbAuNi4VPfgkjvwk,29,271.7586206896552,713748069578.0,150819.10344827586,5645287.700078672,8.070081391288816e-10,275267426979142.22,406181782933518.06,266091846079837.47,23958957.172413792,23100752.63933907,23160325.266666666,2013-06-20 17:38:40+00:00,2012-11-09 00:13:33+00:00,3.807486594679424e-10,532352.0
1HS8ygSt1ryYyhDP9eRtxKFBd3EghJeaWp,11,162.9090909090909,559862212389.6364,73805.09090909091,138005892.05648178,6.012014330862411e-10,172908433465421.8,314834808328989.7,158499397343303.34,7928033.0,7904718.547536212,7267363.583333333,2013-10-25 09:31:26+00:00,2013-07-29 06:45:23+00:00,2.9098068650454704e-10,24662.0
1HWAdpVKrq3GrW5C3TQddCQ64awwpEiSdB,14,336.7857142857143,471177372176.2857,144704.7142857143,94679185.3729248,1.153094226073864e-09,309713912295424.4,515966046839570.6,289066318142396.06,18917614.785714287,19958111.887093965,17656440.466666665,2013-11-07 06:54:32+00:00,2013-06-19 09:02:36+00:00,7.147748049320792e-10,118110.0
1HZ73SoN4s7rhRvAdYgBNZfvG4avcZ2cUD,10,156.3,429993405522.4,172236.8,10460415.446454247,5.197901201741687e-10,78087908480796.9,75467206228340.53,70989007709815.36,8405377.4,5110006.541186119,7641252.181818182,2013-06-14 13:46:08+00:00,2013-03-31 11:42:43+00:00,3.6349394663416003e-10,647808.0
1HbYfAEVFon76Sc3zmiLZW2FaVzVRjceBx,11,300.72727272727275,319719325768.63635,171710.9090909091,11337647024.000513,1.801347700685382e-09,124036411485677.19,135528150804453.73,113700043861870.75,5376429.454545454,3716652.5315278093,4928393.666666667,2014-07-08 09:53:33+00:00,2014-04-23 05:06:41+00:00,9.40597732102353e-10,10351.0
1HcbN4NTAcUhcXVfgs2KooVhtK6nwUkaog,23,5.260869565217392,12007418640.565218,3234.217391304348,232072.45853757818,4.341854358020316e-10,108835327683.17392,252312460234.32465,104300522363.04167,4804347.826086956,7603780.654197894,4604166.666666667,2011-07-08 16:38:48+00:00,2011-04-29 17:34:22+00:00,4.381349333023463e-10,1130291.0
1Hd9vGm43s7oL96fJXnJnzDfvSccQESk3a,30,2176.5666666666666,2383634293648.3,1020747.7666666667,1377482390236.2053,1.4959288898027295e-09,5218341889281854.0,4983116205184531.0,5050008279950181.0,181568358.96666667,69402421.56690904,175711315.12903225,2017-12-01 19:02:59+00:00,2017-10-22 20:37:18+00:00,9.13129447947024e-10,200863.0
1Hi8WYJ92EA84n4wY5ekSaFm52moj5xMix,1025,2255.541463414634,1246802591469.5122,1142682.415609756,8147879870511.648,4.9549525803851515e-09,3139725542427186.5,8968266858988518.0,3136665381079791.5,63556106.474146344,49527668.39490927,63494160.951267056,2019-08-08 08:53:38+00:00,2019-05-23 02:58:21+00:00,1.8090606154068042e-09,28334.0
1Hinenj9woDM8wLDffov4PUwFqqtRg5FRu,21,1175.095238095238,1397526568549.8096,518244.7619047619,512964964835.5767,1.9085129148511426e-09,2431705105839158.0,5085347183055692.0,2321173055573742.0,86825019.71428572,56029922.679387465,82878427.9090909,2017-05-04 23:48:20+00:00,2017-03-31 00:48:35+00:00,8.408392831591139e-10,377086.0
1Hk9gD8xMo2XBUhE73y5zXEM8xqgffTB5f,51,505.01960784313724,460479311544.8823,395683.2745098039,50495457118.350395,1.868829619523033e-09,507305066758411.44,1112000673506721.2,497549200089980.44,10796035.56862745,14323081.768446881,10588419.5,2015-08-15 20:01:30+00:00,2015-06-04 08:57:28+00:00,1.0967259444269597e-09,596594.0
1HkJnteXo5b8aFFa9zEipYtwHASD9rYyXM,34,38.35294117647059,396591011404.35297,21269.970588235294,1525439.1678050589,3.6561126429594356e-10,71575900104596.1,251177645447251.66,69530874387321.914,6260463.5,14477754.694603136,6081593.114285714,2012-08-12 03:50:54+00:00,2011-10-05 13:45:18+00:00,9.670653159954503e-11,255797.0
1HktqScAwkTPpmtyJZdMv7wmpGYRQRj1XT,21,204.52380952380952,1411864131595.9524,108324.42857142857,2915573.055798146,3.501197524672515e-10,389406144667811.4,491071789815761.2,371705865364729.06,14873567.142857144,12422375.935044449,14197495.909090908,2013-05-02 06:00:48+00:00,2012-04-28 01:01:10+00:00,1.448608296979813e-10,23500.0
1HmCtCgZhae2A8mosKNLfpzbFtpaGEhv7G,39,349.0769230769231,387155060387.71796,165335.7435897436,1976147375.2629504,1.2610428912141548e-09,198815965666302.03,321496752530721.2,193845566524644.47,6845482.230769231,4954884.411398793,6674345.175,2014-01-29 16:03:33+00:00,2014-01-20 04:12:33+00:00,9.01646287994631e-10,183445.0
1HnNZzjf7CuGEJqqgiB2BxTxvVQeGcPS4R,24,292.0416666666667,2806853277708.8335,115915.08333333333,2777850.121675084,3.632371362482961e-10,1313658147705179.8,3972346653187410.5,1261111821796972.8,20846787.958333332,20180739.21689836,20012916.44,2013-03-23 22:45:12+00:00,2012-04-04 00:26:29+00:00,1.0404593249884911e-10,123556.0
1HorriBLeWypTH3YqEAn8J5LweNJHrZ7bo,598,355.51003344481603,829641769745.689,175698.1772575251,85915893.39953724,7.979742599070754e-10,453365312022578.9,1010603313913716.5,452608441718701.44,28669523.49498328,60421527.15571887,28621661.185308848,2013-12-26 15:39:53+00:00,2013-02-21 14:06:24+00:00,4.2851028770380127e-10,326068.0
1HtUGfbDcMzTeHWx2Dbgnhc6kYnj1Hp24i,3145,193.57901430842608,278117840710.40283,88699.91891891892,92393154.381606,1.1266130586145743e-09,109968279002957.12,250334146630202.3,109933324050953.64,20009234.622575518,360072507.2502996,20002874.408137318,2014-04-09 08:08:36+00:00,2013-05-20 16:57:36+00:00,6.960323502223472e-10,62955.0
1HyepGCdXGpiR7b9RRuaVPAdmL7x6znqQr,157,979.7834394904459,1045616001433.344,527961.4904458598,105232462257.52643,1.4166729462651759e-09,1686360711220817.0,2874464942314112.5,1675687542162457.5,22413767.777070064,25679913.839353148,22271908.487341773,2016-08-20 19:26:29+00:00,2015-02-08 21:26:30+00:00,9.370394467446424e-10,383110.0
1Hz96kJKF2HLPGY15JWLB5m9qGNxvt8tHJ,15492,1882.540149754712,1198974887224.424,1011607.7203718048,5925526684456.005,3.4532513869002912e-09,2624939999047418.0,3538641633717128.5,2624770571564100.0,96888811.78227472,130402715.6743531,96882558.06693345,2021-07-09 06:30:47+00:00,2016-12-11 12:59:59+00:00,1.5701247539159994e-09,191284.0
1Hzo3525hh4SSncRAyhE9yBAGsquSwCcRj,128,474.625,574905754939.2891,290389.0859375,9384136671.014608,1.48146133706153e-09,450431122347175.9,1060424285013447.6,446939408220453.56,9420568.515625,8137870.941601508,9347540.852713179,2014-11-03 08:54:14+00:00,2013-12-02 19:29:56+00:00,8.255700972242331e-10,13477.0
1J5L4vWGV1Ws2rr3jBNxTEULfEWSh1Hog6,12,274.4166666666667,360024009629.6667,112968.83333333333,116991825.21103252,1.643960877267762e-09,222498003421528.25,454548454121125.56,205382772389103.0,14023136.833333334,15865659.656970236,12944434.0,2013-10-29 08:47:17+00:00,2013-07-09 06:31:16+00:00,7.6221768361766e-10,28639.0
1J77q8EqmCcp2SXnzivMVmmR6RWQR8C1cL,14,634.0,832729951055.1428,343331.5,20764224647.98786,1.4593237940185795e-09,1110112430538069.4,2561760869277406.0,1036104935168864.8,9805985.714285715,8543707.078855736,9152253.333333334,2015-02-26 14:16:11+00:00,2014-05-03 12:42:39+00:00,7.613512630315094e-10,969808.0
1JBVrhSSDrZrRmm4RnoWouqgGGqJMvWHi8,112,1738.4910714285713,1389527193659.2856,890706.4553571428,1104430751912.869,2.5596436281252405e-09,2832580127417382.5,3269189009826826.0,2807513046643777.0,113222672.88392857,84388562.21082711,112220702.32743363,2017-11-18 03:48:21+00:00,2017-08-01 17:54:52+00:00,1.2511385738700788e-09,420537.0
1JDxxYPCLaTmpaFegcAv9dAAGnJ1DiaPtZ,16,28.3125,113619557870.375,13740.125,1770242.483862469,4.814408971902517e-10,7057176151683.8125,13271345602513.707,6642048142761.235,8463923.75,12577487.89895454,7966045.882352941,2011-08-15 08:28:27+00:00,2011-07-17 08:43:23+00:00,2.491868524281783e-10,972776.0
1JHVTxAt3qvpniUrTmK1z3fijq7dD5gCnu,25,5.52,15557412487.28,3444.48,187395.23950070306,4.311311133469096e-10,293224834694.16,1155002502005.965,281946956436.6923,4729806.56,8219782.285467739,4547890.923076923,2011-06-17 19:16:36+00:00,2011-05-08 15:22:34+00:00,3.5481478713206605e-10,277623.0
1JJD6yWveCqbyQFFBST19DhvhJQbioeuzo,16,415.6875,444337099814.5,249677.9375,4310667746.20276,1.391478476815997e-09,248783215161144.94,261510469977998.5,234148908386959.94,7718225.3125,5084680.713209273,7264212.05882353,2014-05-27 11:58:30+00:00,2013-12-18 00:43:33+00:00,9.355228275413858e-10,169119.0
1JLRXD8rjRgQtTS9MvfQALfHgGWau9L9ky,4756,913.1673675357443,1371544834380.607,514462.2371740959,60330486336.03047,1.340876703385473e-09,2316425490221279.0,1.7898371172973242e+16,2315938539308893.0,16109221.384146342,14427395.628346559,16105834.959638428,2016-02-13 01:46:41+00:00,2015-01-29 10:41:17+00:00,6.657947626977378e-10,695981.0
1JR61yXSERQMtHHJRBS8Gx19N8ScHV7Xb9,12,486.75,745351681452.9166,326318.5833333333,38519163559.57774,1.6475180553482549e-09,506499192497764.56,863496811314236.8,467537716151782.7,11450798.666666666,13479297.03216703,10569968.0,2015-05-12 15:02:07+00:00,2014-08-11 21:09:04+00:00,6.530474299745008e-10,187798.0
1JSmgT3UVAK9fh5AXwPPV5bgJt1yaEHkSM,58,217.55172413793105,2019493998349.9656,91520.8448275862,2195563.7975400896,4.297595282020615e-10,909817394653751.0,2389228931238003.5,894396760846060.4,14736228.810344828,16667820.288814673,14486462.220338983,2012-11-13 22:56:00+00:00,2012-03-18 21:39:16+00:00,1.0772585821779239e-10,610755.0
1JTZHBdrDnFaVvuV43sd2oiwDmzUPfa3Ws,193,222.26943005181346,1858102585486.145,104093.30569948186,2335310.7040697266,3.707461241641202e-10,613194868715282.8,2288704310156056.0,610034070422935.9,21268708.901554406,81059326.30447242,21159076.3814433,2013-04-10 06:20:10+00:00,2012-02-14 22:42:21+00:00,1.1962172152817922e-10,192878.0
1JVHw9iyesn9CSTDgbmKgSyyZoH9CFUFaP,1540,1709.814935064935,1415484919230.1545,980294.5883116883,250173010287.5747,1.8723996150158876e-09,2928264628679514.0,2949824620963581.0,2926364392061292.5,53975327.526623376,30367572.908248153,53940301.35691109,2017-02-10 14:44:49+00:00,2016-06-12 20:37:47+00:00,1.2079358189099315e-09,1521034.0
1JVMpaWzLB1pnkwoQNqK4Z4EimQj5bCKj7,559,1212.8336314847943,1663094788987.2183,629480.7334525939,164255129868.58856,1.426842622238739e-09,3197563841238861.5,1.8657144719515612e+16,3191853905808077.5,30732291.153846152,27598771.832922596,30677412.0625,2017-01-23 22:59:50+00:00,2015-01-26 18:04:50+00:00,7.292630820059142e-10,1089491.0
1JVQw1siukrxGFTZykXFDtcf6SExJVuTVE,5020,310.9101593625498,530124429998.6078,138851.44023904382,37397033.21891881,1.033630358779787e-09,242825222393601.94,719217594772141.1,242776860469205.7,25892497.466135457,93332433.3728057,25887340.62537343,2013-10-18 10:55:31+00:00,2013-04-04 18:38:34+00:00,5.864852509501709e-10,478542.0
1JaepCfDnErPTPA96HJr7kfHZXLsN4asmH,168,329.5357142857143,508455849892.131,162984.47619047618,861982354.6723293,1.1072380539217059e-09,267938546419353.25,557217808967833.9,266353111233439.9,13598628.898809524,24112773.525564015,13518163.639053255,2014-08-05 09:25:42+00:00,2013-09-14 02:02:39+00:00,6.481107737390087e-10,378622.0
1JaxbrU7rMaA2hw5uGgCfXh18d8VaCYoCR,74,662.2027027027027,736039535985.1757,355775.8108108108,52309856701.00453,1.1650597057363007e-09,791154342988734.4,1388333603747959.0,780605618415551.2,12740605.972972972,11065949.255365195,12570731.226666667,2015-10-12 08:04:40+00:00,2014-08-13 07:03:32+00:00,8.996836043818711e-10,299587.0
1JdrvUEgB1MHBEkdjq2BYEZ5oJd9dFKNto,28,569.8571428571429,476386926468.25,340245.0,4080053267.574712,1.7804178118048826e-09,469488982934247.44,891178364037019.1,453299707660652.7,11477030.642857144,12073397.271810975,11081270.965517242,2014-05-06 02:22:17+00:00,2013-12-06 02:38:21+00:00,1.1962065102874363e-09,260216.0
1Jdysn4H5jRRRVGQfDRfqc863RLpPPStQV,11,172.9090909090909,337562154232.4545,76952.90909090909,160338043.7212032,9.977203006487235e-10,69835373097434.55,81254584957549.88,64015758672648.336,8597737.909090908,5947476.210569244,7881259.75,2013-11-16 06:59:44+00:00,2013-07-10 08:56:01+00:00,5.122288998962277e-10,56570.0
1JhAQ7UNYXvVvrp4nfNHLoTWTPgfuHGCDp,14,1947.4285714285713,1363691959124.5715,1243081.0,19893045048575.13,4.428258787255955e-09,3372236307070730.5,3858852056605050.5,3147420553266015.0,11901695.357142856,8849048.04278241,11108249.0,2021-10-15 04:55:45+00:00,2021-10-13 15:51:56+00:00,1.4280560638333104e-09,170561.0
1Jo9nC5zU2zVWgBSnuYPPGUqYAC9a3hEaC,12,522.0833333333334,408520148958.9167,274737.8333333333,29829733124.040417,1.3821672518356554e-09,369467641523723.44,572280687387984.9,341047053714206.25,7295527.25,6995726.651707925,6734332.846153846,2014-09-19 05:59:35+00:00,2014-09-18 07:26:25+00:00,1.2779867398556082e-09,90644.0
1JqcNMpropywji4EA6WWKV6WitQnzabxbW,11,291.1818181818182,506088034492.63635,142957.72727272726,181471894.52950785,7.779734349582609e-10,247635948389889.9,338520492872143.25,226999619357399.1,14859523.454545455,13800661.95056175,13621229.833333334,2013-11-13 14:14:25+00:00,2013-07-14 03:07:20+00:00,5.753580372113202e-10,72183.0
1JqyZ1ZyXGeuYVtW6Rdb3pUyr1Rzovjsai,10,1317.9,1529990915137.9,998518.5,611405426185.0669,9.666492125689314e-10,2382545892520713.0,2041147028078291.8,2165950811382466.5,218704428.2,131939873.41378748,198822207.45454547,2017-07-05 01:03:49+00:00,2017-03-28 15:00:47+00:00,8.613776637237197e-10,5274929.0
1JrYhdhP2jCY6JwuVzdk9jUwc4pctcSes7,29,243.48275862068965,706141393978.6207,85776.55172413793,9047061.368282178,6.207706576490823e-10,230748563112123.3,277040929871281.28,223056944341719.2,24875776.44827586,32746889.985361632,24046583.9,2013-05-11 10:46:40+00:00,2013-04-12 03:48:31+00:00,3.448073724283913e-10,452735.0
1JvXhnHCi6XqcanvrZJ5s2Qiv4tsmm2UMy,2735,1738.1886654478976,2876940689825.923,1156504.3012797076,24960157930144.027,3.255213625795696e-09,6523202293847217.0,1.1285868349642716e+16,6520818082482507.0,7931183.120658135,6425689.157823646,7928284.296418129,2022-04-23 09:17:44+00:00,2021-08-05 22:01:52+00:00,6.041795270910056e-10,238112.0
1JvxcA1QpaQ8KZfLHZKUrC3QTboxupRPEx,132,1626.5454545454545,1746151012649.4622,791909.9621212122,204028589793.6054,1.29057888463392e-09,3797364925738200.0,4302806793627161.5,3768813309755206.0,42954317.946969695,27092163.210146647,42631353.15037594,2016-07-24 08:50:25+00:00,2016-05-18 16:36:22+00:00,9.315033137239785e-10,9290061.0
1JwUDWVSbAY5NeCBJhxQk1E8AfETfZuPj4,173,1757.21387283237,1390628135119.1733,948149.5549132949,1394646467847.77,2.5724371006140622e-09,2823755866412579.0,2712713224494719.0,2807527384421702.0,191497680.95375723,167349594.9151373,190397119.56896552,2018-01-30 14:34:03+00:00,2017-07-30 20:59:25+00:00,1.2636116215797557e-09,5742.0
1JwnVdBa1CY7NmjLx4mA9uggryvpWUKMxG,17,314.1764705882353,351644909264.8823,189233.70588235295,2800758119.4614406,1.1814803755238879e-09,160963601172105.66,214898937037925.72,152021178884766.44,6715660.0,3948627.3414570596,6342567.777777778,2014-02-18 18:29:16+00:00,2014-02-10 09:09:44+00:00,8.934480844469633e-10,497889.0
1JzRb1DBwnqdSAVPUYMpbiLuE77A3NCGB,11,188.0909090909091,366493946219.2727,90125.54545454546,117564751.78144203,7.102387431744721e-10,119186547536309.64,202074111107678.25,109254335241617.17,10817114.818181818,12161491.422109582,9915688.583333334,2013-11-20 07:28:58+00:00,2013-06-23 16:41:24+00:00,5.132169604197899e-10,1289.0
1K173CKs461Mw4XMxqULgovxiHwF5natCH,17,534.4117647058823,1133585206821.1765,340919.8823529412,639653305.4272721,8.039884292640696e-10,1204486821494494.8,2250740426802829.2,1137570886967023.0,17431451.0,18881898.20110943,16463037.055555556,2013-12-22 21:05:25+00:00,2013-10-24 18:26:22+00:00,4.714350200497862e-10,67810.0
1K1aXkY2GgDDsrzvBQftVjMN4Sd2XnUEi3,77,450.35064935064935,337310791296.66235,307325.74025974027,3200660345.8634844,1.7873318256062146e-09,255118868901054.6,440484367739483.4,251848114171553.9,8992445.324675325,7511865.0749462275,8877157.564102564,2014-04-03 12:40:50+00:00,2014-01-30 12:34:30+00:00,1.335120787625704e-09,40328.0
1K4jCTyKSkATCXB6sXAwN3nkyvQveRMqPZ,403,122.8089330024814,1590396552429.975,56353.833746898265,1594274.6289271826,2.5241933965399547e-10,414145731713829.2,2008122527334315.2,413120618516517.7,9049342.151364764,17997423.36791943,9026942.78960396,2012-07-05 17:39:03+00:00,2012-02-11 06:16:26+00:00,7.721906389625971e-11,9058.0
1K5mkSvF6hCKktrXpe4aqL24kuYkNu1DrB,10,219.9,164926024346.2,177649.6,34661425923.97694,1.634504678477416e-09,60533802247838.8,86126135135553.89,55030729316217.09,3971244.4,5415639.842080101,3610222.1818181816,2014-10-08 06:38:58+00:00,2014-10-07 10:48:59+00:00,1.333325052075486e-09,277937.0
1K7znxRfkS8R1hcmyMvHDum1hAQreS4VQ4,534,137.2808988764045,313244257439.60864,59320.93258426966,17544361332.635056,7.961796067925088e-10,106357620459307.9,642197901724323.0,106158821168729.77,2750890.6966292136,4213596.729516284,2745748.844859813,2015-05-01 04:37:53+00:00,2014-02-08 02:42:00+00:00,4.3825511758302966e-10,67061.0
1K8PNogxBZ6ts532DZnzxdbjgzJLjLdXqz,281,1980.1245551601423,1559078942961.4875,983633.4697508897,1366522687296.5476,2.514411534382932e-09,3432076675757899.5,3405572677577165.5,3419906191092091.5,206990893.72241992,166973058.0953953,206256883.4609929,2018-02-01 12:27:28+00:00,2017-08-01 20:37:00+00:00,1.270060482889259e-09,8270.0
1KA1zFcqACwMwJoNfyegChUGgwA2iwRuS6,11,532.1818181818181,543454334080.9091,307568.45454545453,40007470271.27126,2.088925251200244e-09,532679014286520.2,735666019591701.2,488289096429310.2,7227652.818181818,7833617.291721045,6625348.416666667,2014-12-14 04:41:11+00:00,2014-12-13 15:43:32+00:00,9.792576575580078e-10,896448.0
1KCm3E97dedS2xGCPNh5oo7Rx8cUk8jvMn,38,1471.3157894736842,730952007895.8684,900794.9210526316,5314167996955.149,2.7942576819341578e-09,1452061058774214.5,1622004147326640.8,1414828723933850.0,16200679.736842105,14016145.758326348,15785277.692307692,2018-07-31 21:29:50+00:00,2018-07-15 08:22:18+00:00,2.0128760487422973e-09,22105.0
1KDf847BWEMwthPHFtvWAfESdQMRnr25f7,192,2146.1666666666665,779515801097.0365,1024352.3541666666,12768468406239.818,6.485901342117924e-09,1956399735854734.0,4142502124979600.5,1946262949658595.5,18624584.682291668,14601361.447631923,18528084.243523315,2020-03-14 03:12:19+00:00,2019-08-14 06:02:21+00:00,2.7532048274663584e-09,397777.0
1KDrG6721yuBmnaKCXxQ7r2Danzbjq8K8s,34,475.1764705882353,461153104178.3823,290701.0294117647,11889896391.735363,2.5753030053125072e-09,431483114317438.94,831930391008586.9,419155025336940.7,8352378.647058823,7922993.625067201,8113739.257142857,2014-10-04 06:09:22+00:00,2014-03-13 20:43:13+00:00,1.0304093505666363e-09,100271.0
1KFHE7w8BhaENAswwryaoccDb6qcT6DbYY,81237,1572.1238598175707,1225109542187.3386,902943.4606152369,11317759188526.53,4.5260790719727575e-09,2580423066978724.0,5274834787076606.0,2580391303234331.0,38270049.903812304,69336955.85437821,38269578.818237774,2023-10-06 12:50:15+00:00,2013-05-05 15:03:05+00:00,1.2832516649985966e-09,1354.0
1KH2MiL1wFJ39ewHtNU9GeSaDc9oUjmaMr,18,718.5555555555555,787547556299.6111,376075.77777777775,53509266287.11302,9.987670915352506e-10,860276250527025.8,1027296408094266.6,814998553130866.5,12770781.944444444,10692406.11394335,12098635.52631579,2015-10-14 02:25:04+00:00,2015-05-12 20:51:07+00:00,9.123964004558367e-10,152424.0
1KM7w12SkjzJ1FYV2g1UCMzHjv3pkMgkEb,920,1023.3217391304348,1419237907855.3315,571026.1304347826,95981164098.27919,1.309605490929893e-09,2243438121343667.8,5638946018335104.0,2241002249333522.5,21275711.06630435,19671222.68730779,21252610.40282302,2016-08-16 04:41:58+00:00,2015-02-02 23:13:53+00:00,7.210360810308528e-10,15019.0
1KP4Lr8t42MDHhE6asnp8jd7QdfMiWeawr,50,347.84,580714988066.64,143429.68,103426203.54033123,8.828657162816456e-10,304075199445374.0,439747983824323.0,298112940632719.6,19587261.7,18211613.714459177,19203197.74509804,2013-11-26 01:12:31+00:00,2013-07-16 13:14:52+00:00,5.989857454136927e-10,93897.0
1KPQkehgYAqwiC6UCcbojM3mbGjURrQJF2,153,1562.686274509804,1355780285572.5557,817232.6666666666,1891843336531.2336,1.9884716726569546e-09,2690660759729427.5,2905376297350741.0,2673188936614301.5,138322374.7777778,137107890.90217814,137424177.53896105,2018-10-03 04:35:58+00:00,2016-12-25 12:41:51+00:00,1.1526102652022784e-09,540628.0
1KSRteDMjDcp1x1kedaTTN1tEoAMBhJgaP,12,621.0,966508761109.8334,336609.25,42583867456.29246,8.903312494003322e-10,1196000073069724.0,2358723809204267.0,1104000067448976.0,9526055.5,8713418.658531152,8793282.0,2015-01-24 18:47:38+00:00,2015-01-06 23:50:12+00:00,6.425187489111959e-10,162091.0
1KSrvJKCab8aGgFa9ZWNR7gw2Tacg2P5NC,10,398.6,1190798089529.7,197500.0,170114282.94625753,6.341086876143033e-10,681509788012136.2,1035277572915647.8,619554352738305.6,17920006.8,13785980.726774847,16290915.272727273,2013-11-19 04:18:05+00:00,2013-07-21 11:41:00+00:00,3.347334896694579e-10,134566.0
1KTNEBhQdj81UhDkJaoe3r8VtAsrnmpmnS,656,526.7454268292682,611505781080.7363,266296.52896341466,43503032592.99795,1.1090050402969613e-09,638829626800658.0,1304713829029378.8,637857283380870.0,9626128.402439024,12900656.320321055,9611476.761035008,2015-08-22 07:18:53+00:00,2014-08-16 19:42:37+00:00,8.613907556169493e-10,169943.0
1KUCp7YP5FP8ViRxhfszSUJCTAajK6viGy,1741,37.77541642734061,842756894431.3274,19340.95864445721,1204874.8598535021,2.3182597704719762e-10,46524190880144.27,276807881090651.47,46497483537503.55,4950778.510626077,32729158.596892834,4947936.502296211,2012-02-11 16:56:37+00:00,2011-11-11 04:59:30+00:00,4.4823621944772786e-11,641332.0
1KUj9hCmUcw5MD9mVpFp5i5cznM5bRhfC4,12,1155.1666666666667,1520152104771.6667,584749.5833333334,90149990256.24677,1.0343292394523157e-09,2649494033661496.5,3251456926058430.0,2445686800302920.0,20883225.75,13691956.528459508,19276823.769230768,2016-03-25 15:19:45+00:00,2015-10-31 00:26:26+00:00,7.59902027593599e-10,131095.0
1KaAyoA86YGyQAKXeifSVzarqsq1fh8uiJ,11,227.0909090909091,287822416402.4545,164141.18181818182,40300030327.8914,1.772625596642984e-09,223958713923101.28,630567088142421.5,205295487762842.84,3159582.3636363638,4904379.6861517215,2896283.8333333335,2014-12-01 06:19:19+00:00,2014-11-30 09:41:31+00:00,7.889966039801912e-10,296527.0
1Kak4ekU5Ewm3kgXaTN1LjpheVpLjL7xjz,11,1942.2727272727273,546924525418.0909,938568.2727272727,12918417257658.217,4.2212394918458765e-09,1424166227710449.5,1314726399265032.5,1305485708734578.8,12702002.727272727,10335768.120641321,11643502.5,2019-12-25 16:09:22+00:00,2019-11-23 05:30:11+00:00,3.551262810509323e-09,213963.0
1KeW2emfwmiWfkW152AUmSfsmUKxq2EJri,10,311.3,409675099267.4,226334.1,10966650518.41156,2.901389764890644e-09,315506213477342.6,657129854999363.4,286823830433947.8,5930242.8,5779278.795983492,5391129.818181818,2014-06-19 14:07:56+00:00,2014-05-15 01:59:33+00:00,7.598704450348119e-10,60593.0
1KgvXduSmr8tDm2MJfxQv7sQmBxasVVzg,13,474.46153846153845,415369508634.2308,382205.92307692306,40007470271.27126,1.5005778491932306e-09,355803280392742.44,518074315848553.9,330388760364689.44,7588342.153846154,7736770.1895886855,7046317.714285715,2014-12-15 06:06:59+00:00,2014-12-14 08:20:09+00:00,1.1422637641881976e-09,58697.0
1KkMPX9oKxoYnb5DU2xCJDrgQF6r9g6jza,64,286.453125,424219466406.0469,153040.171875,386404072.8367729,1.2079935190817562e-09,308668927914679.6,798407593907330.2,303920175177530.7,9716975.5625,11614837.45756052,9567483.63076923,2013-11-20 04:21:07+00:00,2013-10-06 23:54:32+00:00,6.752474784497934e-10,33807.0
1Km2nEyMbqKnVMgvagvsHRKzWkhzii2F4d,21,321.85714285714283,420663296810.7619,149759.2857142857,1701198009.1983345,1.1851018660803007e-09,244929191787994.38,396759752226236.6,233796046706721.9,6977130.047619048,6660609.681978877,6659987.7727272725,2014-01-15 07:34:58+00:00,2014-01-08 06:20:17+00:00,7.651181961851365e-10,241351.0
1KmrCFnfevNtFSYDnEjSqKg2pDLyekG239,28,235.25,3600424022698.9287,113420.53571428571,2868214.844599626,4.652609174630691e-10,956455565379125.1,1821807183160007.5,923474338986741.5,59070487.0,209310919.70657375,57033573.655172415,2013-03-28 07:10:00+00:00,2012-04-11 07:21:06+00:00,6.533952626603499e-11,307799.0
1KnCjez4ddqmRHVhZNrWGx3APPEQgKQcCK,11,460.3636363636364,971809218560.4546,304988.0,442530779.74868774,5.67930959721797e-10,808927960965997.5,1352066024036588.0,741517297552164.4,17671585.636363637,21549033.81315159,16198953.5,2013-11-29 09:57:15+00:00,2013-10-16 11:57:56+00:00,4.737181203586185e-10,90009.0
1Kr8jqaywmHVzE5ZUSE1MFWKi638VZbzSP,11,971.5454545454545,1261018306373.9092,562542.0909090909,154575498499.83322,1.2683194976117487e-09,2358512723766658.5,4163763452451756.5,2161969996786103.8,21063917.454545453,25490130.933649793,19308591.0,2017-10-10 00:26:00+00:00,2014-04-13 15:31:02+00:00,7.704451629565622e-10,69177.0
1KroVXPgYBrSg9PdMgFsxCDddd2vecmExF,31,7.032258064516129,38430994400.19355,4393.0,1249798.1749997896,3.897535507814336e-10,328412541862.8387,483345984941.66144,318149649929.625,1969648.0967741935,2856861.9528861074,1908096.59375,2012-02-24 16:53:53+00:00,2011-09-12 23:02:47+00:00,1.829840256353271e-10,1084314.0
1KsFhYKLs8qb1GHqrPxHoywNQpet2CtP9t,2835,1884.8236331569665,1711106144745.621,966253.8186948854,721029282773.9503,1.927364079844049e-09,3583949701930556.0,3568065413624999.5,3582685967903076.5,174482794.0345679,125825651.80857675,174421269.77715093,2017-12-06 05:20:01+00:00,2016-12-27 22:14:07+00:00,1.1015235021771082e-09,382622.0
1KtcjeSKVuTNJpkkhXmCd7hmoxUzfbzCY4,14,219.5,370845211678.7143,188247.5,152840343.93000674,7.902713567336711e-10,111727310199645.22,121226920550529.17,104278822853002.2,13252530.92857143,15927342.225003973,12369028.866666667,2013-10-27 20:28:17+00:00,2013-09-11 02:43:06+00:00,5.918911532021241e-10,50425.0
1KuWLoZuoJgz3N6sLoAwGth9XGm8YuFTGt,1721,1736.6176641487507,1590914692876.047,918785.8158047646,539976235744.0763,1.9433463036677374e-09,3107685243539741.5,3370900479903542.5,3105880548276362.0,117333326.38582219,95349534.19828545,117265188.56562138,2017-11-01 05:43:22+00:00,2016-08-30 15:34:28+00:00,1.0915844023096566e-09,730324.0
1KvBSLPVJbw6BnwPrVz8LKH46uixYi7tDs,11,148.36363636363637,162921779597.0909,91382.54545454546,23844670038.8033,2.4825666762583462e-09,54738075662393.63,104484324226983.2,50176569357194.164,1999903.6363636365,2393127.943219596,1833245.0,2014-08-31 02:19:22+00:00,2014-08-30 08:21:20+00:00,9.10643357386243e-10,306205.0
1KzFJddTvK9TQWsmWFKYJ9fRx9QeSATyrT,195,659.4820512820513,749395438409.1948,392904.0307692308,42545929164.490685,1.3701203006473494e-09,852789410313756.5,1683025881446095.2,848438443934604.8,9453660.061538462,7902017.973179016,9405427.102040816,2015-03-23 05:23:09+00:00,2014-10-14 15:51:23+00:00,8.800187691053868e-10,382198.0
1KzzF7afmg4FiFgYTrbZCu8GcvMaBXE3oc,13,230.07692307692307,226107758717.76923,138988.46153846153,16818461371.161112,1.8427128979084705e-09,146240146600878.3,391941245373197.4,135794421843672.72,3792656.6153846155,5366509.82899023,3521752.5714285714,2014-07-07 05:41:39+00:00,2014-07-06 07:13:12+00:00,1.0175543041143856e-09,31094.0
1L4mFkDUsfYgp6Qz7RoVYEMnJQobFcNPMg,12,45.833333333333336,104157442394.58333,30823.0,16991079906.943352,2.1363949523612415e-09,4647089097524.5,7399638044502.522,4289620705407.231,586758.5,661664.1811915687,541623.2307692308,2014-07-13 05:54:46+00:00,2014-07-12 07:04:52+00:00,4.4003896677590544e-10,92854.0
1L4u31RHFHDRZUVR6yFvP4QCd2zrHj7Py4,47,2477.7872340425533,973930771965.8511,1168644.2127659575,6646897140740.049,5.2590163056470086e-09,2542375503496978.5,1994655855609185.8,2489409347174124.5,91621696.57446809,56700846.804772414,89712911.22916667,2019-06-02 05:16:38+00:00,2019-04-12 11:30:06+00:00,2.544110223605741e-09,1030496.0
1L5B9xk8FG6iNdhySwQqrkbDhvYgx4jpao,10,316.7,908775658466.3,145332.9,96566855.81972268,6.167928109586064e-10,458340405421735.2,644481443183685.9,416673095837941.06,15257132.0,14947963.58700757,13870120.0,2013-10-25 13:20:48+00:00,2013-07-11 08:13:47+00:00,3.4849084815330596e-10,13762.0
1L5KX3pK3q7qUq5ZcgGHB7E2dSrUuLKTgz,75,350.6,433464253946.38666,212136.89333333334,2352853620.337621,1.3430426354475773e-09,335843812013783.8,993350578143624.1,331424814487286.6,9847332.733333332,14716274.111099603,9717762.565789474,2014-07-13 12:21:51+00:00,2013-10-18 06:40:48+00:00,8.088325549524188e-10,23225.0
1L647iNoWnzFmEsyV12YQTxNwtm5Xmu1PY,25,7.36,46078883088.36,6327.4,1500402.1773903966,4.481328266071362e-10,442482974149.28,986108013671.5112,425464398220.46155,2104218.6,2663339.732561529,2023287.1153846155,2012-03-02 19:09:24+00:00,2011-08-03 01:23:54+00:00,1.5972609374855295e-10,1750.0
1L75eRMgeCwAxEjD1oWXjLgud9jxwxm34u,1992,1650.066265060241,1605773511728.8394,837068.5296184738,539557653337.5351,1.9390635125505848e-09,3222736484187301.5,3649255919793675.5,3221119456347769.5,146079438.33483934,110258864.00840944,146006142.0787757,2017-07-30 16:56:45+00:00,2016-08-16 10:50:21+00:00,1.0275834375196004e-09,9512.0
1L9FE9cgwJnvVs8ZUHrorAmwF7HDrKrP8r,84,312.1904761904762,639510854084.4286,139797.77380952382,13270116.063914992,8.45071717733431e-10,272876649336739.62,399213406419695.9,269666335815130.9,24564587.30952381,15714373.79208556,24275592.164705884,2013-08-09 12:19:19+00:00,2013-01-10 07:20:58+00:00,4.881707232904301e-10,83292.0
1LF58Nogfi12wWtFBnR8BmDgvo7y1XczaB,38,339.55263157894734,349231967389.8684,167997.23684210525,7077402258.65111,1.7475869413456713e-09,170095463344983.47,213424852247680.72,165734041207932.62,5758614.5,4055246.0614406806,5610957.717948718,2014-05-12 03:05:02+00:00,2014-04-04 19:53:43+00:00,9.7228393527871e-10,520965.0
1LJVjXVRamik5N2cZ11B4bbhChmvbzZoYm,13,2146.153846153846,1291627366537.0,1011828.2307692308,1141581022006.604,2.466235880019748e-09,2751959097547562.0,2137706835618905.0,2555390590579879.0,111946212.61538461,48823853.46102305,103950054.57142857,2017-10-23 18:51:18+00:00,2017-09-27 16:51:03+00:00,1.6615890168910938e-09,1270.0
1LLb348fgj8Y5d9FhmKu9nJPkcsRKA2HX5,15,818.1333333333333,723022651503.2,515707.06666666665,35522295121.823715,1.651331881425813e-09,816828723420306.2,891266942091296.8,765776928206537.1,13309592.133333333,9318941.029343272,12477742.625,2015-03-04 02:38:20+00:00,2014-08-15 20:35:13+00:00,1.1315459227071151e-09,111716.0
1LMz6TReofjUkrxnwz3jSPtLDRYpSS4J3E,16,7.3125,30765652851.375,5404.8125,1217489.425117102,3.6252117124575245e-10,270638405763.9375,310604153516.3883,254718499542.52942,1738052.625,2770828.4787298753,1635814.2352941176,2011-12-20 14:34:10+00:00,2011-10-15 00:47:04+00:00,2.376838884364251e-10,2366181.0
1LPmVbjXC2scWrDLi3cH2y6upXkS8UFmwA,99,272.64646464646466,412866530233.3535,119746.74747474748,6387119469.845094,1.106029470306953e-09,146346793857637.9,200644902845097.66,144883325919061.53,14887992.818181818,12480038.896863172,14739112.89,2015-04-19 18:19:47+00:00,2013-03-31 11:11:30+00:00,6.603743454146404e-10,778836.0
1LTGvTjDxiy5S9YcKEE9Lb7xSpZcPSqinw,18,1822.0555555555557,1832339285152.3333,921599.6666666666,902229373778.0109,1.643942588671316e-09,4074094106224967.0,4863502246810748.0,3859668100634179.5,157333203.05555555,96934262.92342897,149052508.15789473,2017-08-22 21:17:10+00:00,2017-07-31 22:56:21+00:00,9.943876498855273e-10,254685.0
1LV1umTGKx32tdzVbWJKryHCJbMW7NqhHd,11,625.0,967228480294.6364,382910.1818181818,22440304125.150562,2.0691638847566544e-09,752935500385527.9,1186654907158703.0,690190875353400.6,10867866.272727273,9603468.584265511,9962210.75,2014-12-17 07:21:50+00:00,2014-06-10 11:35:50+00:00,6.461761752606923e-10,177291.0
1LZExNUYPxs4d4cU6gKStQkdwvKd3VA9Lb,59,329.22033898305085,951649859438.0677,156468.69491525425,3283660.042777908,1.0012921233932933e-09,423947823166591.44,965414460311466.1,416882026113814.94,29729660.08474576,17088511.343821526,29234165.75,2013-01-29 09:03:56+00:00,2012-11-02 03:57:44+00:00,3.4594692125258085e-10,184701.0
1LZMVnohzZDvVVsC977EYXUbcxEYcvXkz4,10,355.9,722479343805.6,172145.3,125433016.97793844,9.096775577667108e-10,431288494228139.5,501227864832220.6,392080449298308.6,21307126.2,18775129.834914293,19370114.727272727,2013-11-05 00:54:41+00:00,2013-07-13 16:45:34+00:00,4.926092393525416e-10,14749.0
1LZcEKMCFfg9ARpgw3jG3yZxAV5kPt8mM9,11,313.0,367991522116.9091,132394.0,106574778.44435935,9.099554345791641e-10,142306646648921.28,134107905923503.75,130447759428177.83,23526548.636363637,24042436.33152592,21566002.916666668,2013-09-28 05:37:17+00:00,2013-09-10 13:11:09+00:00,8.505630732997198e-10,104853.0
1LaiUZ3mGyixDd6rJTN67y4Miy6o3rEUqC,41,391.0487804878049,324727854147.9268,240353.17073170733,11474920514.76284,2.167341288689924e-09,231052992830282.0,462754556538253.06,225551731096227.66,6996706.317073171,6101654.654791323,6830118.071428572,2014-11-04 18:34:05+00:00,2014-02-24 00:43:08+00:00,1.2042354097214777e-09,46567.0
1LayuyG7T2BptABEAJdkCkGRaidRNPDFNt,75,1409.6533333333334,702240521148.3733,862239.3466666667,4911304934270.244,2.8566382405684693e-09,1383138957219649.5,1798537594723237.8,1364939760414127.8,30834161.04,62537258.734649085,30428448.39473684,2018-12-18 19:08:19+00:00,2017-10-30 11:59:18+00:00,2.0073654123919374e-09,672653.0
1LhbiLp78MBdbB3emxTmGLWHXbg3xKrq7T,10,1658.9,1168887034466.5,782837.1,1531078426522.4246,1.943993758230471e-09,2129809600076081.2,1480520993207021.2,1936190545523710.2,190008191.6,191541760.1732931,172734719.63636363,2018-03-29 17:32:46+00:00,2017-05-02 06:31:17+00:00,1.4192132781737548e-09,1068218.0
1LjYX8JCSSCgzUdEHVZi4qcdxzn7YEkr1M,112,1813.0892857142858,1570738402187.866,955490.0892857143,1000905708354.0712,2.5335287534963006e-09,3242173774572615.0,5951818611003242.0,3213481971257813.0,159706035.83035713,116333552.31363043,158292708.07964602,2017-10-22 09:09:40+00:00,2017-08-09 00:00:47+00:00,1.1542910539328839e-09,1068220.0
1Lk1p9yr2StBnGFtMeqnLHpf8oGL3WdeBM,119,1559.9747899159663,744200165673.6722,897684.6470588235,6194167625648.308,3.282008842575075e-09,1438525669049002.5,1559073517690916.0,1426537955140260.8,19325427.82352941,42943895.080926396,19164382.591666665,2019-02-04 12:50:08+00:00,2018-06-11 02:30:51+00:00,2.096176353983784e-09,357790.0
1LkiGf9pPiNXZtMtJkUQXP9b8drmJrS7BM,13,185.76923076923077,780702931186.5385,105692.23076923077,1712164.5962003919,5.152646588849029e-10,184482640642401.22,255008523200526.75,171305309167944.0,10333095.846153846,9911195.892212762,9595017.57142857,2012-07-15 22:48:04+00:00,2012-06-18 19:33:09+00:00,2.379512402840508e-10,208411.0
1LnUhyCuejMR9dpV559CauwokCGg2n1doH,53,439.0566037735849,343934128932.6981,265943.9433962264,9814219793.026217,2.102122305217793e-09,235212628947485.66,396787171670548.44,230856839522532.22,8880067.735849056,12116242.308616553,8715622.037037037,2014-08-25 13:58:00+00:00,2014-03-09 02:43:15+00:00,1.276571781742255e-09,62207.0
1LpfvAA66TojDZ7eTBpLmNz1JTvnWhLRkz,10,64.4,36312748961.7,48133.1,17336316978.50783,2.1708069933723507e-09,3262685432407.9,5410895899116.284,2966077665825.364,828677.7,1169298.1230542676,753343.3636363636,2014-07-17 06:50:01+00:00,2014-07-16 08:51:18+00:00,1.7734818167559929e-09,38023.0
1LqJ1YdxgkR5kRg2mjnqpdLCtAbXJue9BU,104,284.63461538461536,2017257272364.923,118434.23076923077,2373543.839231937,9.875493081532347e-10,974692571090162.1,3173605522922344.5,965409784698827.2,21869849.307692308,18644540.554031543,21661565.028571427,2012-10-27 08:04:21+00:00,2012-07-11 09:06:57+00:00,1.4109980877695643e-10,319449.0
1LsFmhnne74EmU4q4aobfxfrWY4wfMVd8w,20,1332.2,949129235137.0,697712.15,4611167028354.674,2.2573152372286783e-09,1942201010190316.8,2960146501416306.5,1849715247800301.8,20224837.4,18355000.934804622,19261749.904761903,2018-07-02 02:02:49+00:00,2018-05-08 07:52:54+00:00,1.4036023237738606e-09,1519363.0
1LvvhDyF1SmXoocrhDswJta3LkhRwmbTnn,12,196.16666666666666,1721502024191.0,156241.0,9292611.031050464,5.071871953757015e-10,698458268763193.8,2047063797954229.0,644730709627563.5,10341678.25,6900428.665736856,9546164.538461538,2013-05-26 07:23:15+00:00,2013-03-28 15:01:58+00:00,1.1395087772775226e-10,1161526.0
1LxZcV3Gyjyoss67oyw4xDjUE8cqoyQvji,34,264.47058823529414,1032070529492.3529,95941.61764705883,3082030.091098912,4.1291810461746846e-10,349707177016898.8,449570205745528.3,339715543387844.56,21622587.82352941,15691139.34384583,21004799.6,2013-02-04 19:46:30+00:00,2012-12-20 21:14:01+00:00,2.56252436900199e-10,282073.0
1Lxx85wGECU3M9FngyQYvD3yrMEM8S6S5k,661,315.50680786686837,634922603559.4705,154135.40090771558,888822350.4376745,1.1362044827100587e-09,310691193745825.9,2215625616737935.8,310221871700892.6,17501144.67322239,18631914.326681037,17474707.89879154,2014-08-27 13:15:57+00:00,2013-05-05 01:00:57+00:00,4.969216816318876e-10,36425.0
1Lyx1ggKx2SxbFHkQhtZeEmvvc2fCMFjfs,19,41.526315789473685,160940061176.3684,22237.526315789473,1870048.1416392114,4.565938580419599e-10,27237597228090.74,96689662690025.77,25875717366686.2,3841994.0,5524690.685471329,3649894.3,2013-02-26 23:56:41+00:00,2011-09-22 21:31:19+00:00,2.580234870419646e-10,20714.0
1M1Xw2rczxkF3p3wiNHaTmxvbpZZ7M6vaa,188,2356.053191489362,909622577253.9468,1223386.494680851,7206558644960.389,4.2477858225790295e-09,2381451170265525.0,2306009465629053.0,2368850899523379.5,95247616.52659574,55548786.44783014,94743660.88359788,2019-08-13 04:32:07+00:00,2019-05-08 11:29:33+00:00,2.5901437039986786e-09,45003.0
1M1qzxyxRdBvrxJxb2oYT9jJHzXNq9jH9W,13,250.0,375466510002.3077,121717.46153846153,113179759.53481957,9.215237700616773e-10,140365406286090.92,187627940252157.34,130339305837084.42,11927018.461538462,10159551.581866058,11075088.57142857,2013-10-30 05:36:01+00:00,2013-07-08 04:55:28+00:00,6.658383460044505e-10,74924.0
1M4LQcjqR8JRAKgBMBLwWFPkVJgnnTtSc1,19,410.2631578947368,344020675754.1053,244430.84210526315,35002482026.13323,1.5961134739914467e-09,309873596820962.25,576115528619907.6,294379916979914.1,6224045.263157895,6260310.122180324,5912843.0,2014-10-12 05:54:43+00:00,2014-10-11 06:58:10+00:00,1.1925537818197286e-09,86250.0
1M5QVLmg8E9tTKuuEKvd8RAKq5bpQEcJTx,10,186.9,128165245126.2,135034.1,17336316978.50783,1.9761607581268367e-09,59584930744161.5,120478943460669.98,54168118858328.63,3363631.2,3850894.024815329,3057846.5454545454,2014-07-14 03:11:03+00:00,2014-07-13 08:36:38+00:00,1.4582736514564919e-09,53352.0
1M5hoG1pCTDsPqZwG6WH25ziwYYaXNMLrU,959,988.621480709072,1838038764812.729,563065.9186652764,85163932648.16689,1.1634381310120404e-09,3398875599627105.0,1.5221400387098472e+16,3395335104210826.5,19028900.04275287,16963604.875966378,19009078.271875,2016-04-02 16:31:22+00:00,2015-01-25 16:22:27+00:00,5.378675899742512e-10,62605.0
1M7nCDSNX4k1A5yaZL2dQXMYxbcy5k8mkP,23,267.0869565217391,2212270534059.4346,113213.78260869565,2461677.723243576,2.90899552119518e-10,984357048787807.1,2200052704379792.2,943342171754981.9,20236469.13043478,21796604.977018554,19393282.916666668,2013-03-05 10:30:11+00:00,2012-04-19 22:16:36+00:00,1.207297897837316e-10,81386.0
1M8Ci31gL8pmBYKj1HQJGq3kKt6ECsvuLv,10,264.6,443879520273.0,123276.1,146961376.96106058,8.977779800516765e-10,193748124541887.0,330057265445606.9,176134658674442.72,13937234.2,10551478.15750524,12670212.909090908,2013-11-01 19:09:05+00:00,2013-06-29 03:52:53+00:00,5.961077002094231e-10,74146.0
1MA7CKbWMyKdPkmsbnwmfeLh1hYy5A3gy8,38,390.92105263157896,412149731946.1053,170482.07894736843,148819199.80509263,1.7379628963714444e-09,220285369836215.9,286822326536784.06,214637027019902.7,25511779.789473683,36789183.63545999,24857631.589743588,2013-09-27 00:29:44+00:00,2013-09-25 22:06:27+00:00,9.484927984441772e-10,109734.0
1MAAUXNSJEDaPtECd955CQct65BmTzwhj6,93,1677.0537634408602,2961800267853.0107,1222169.8817204302,28993813905261.93,2.7319717874239027e-09,7064815359425996.0,1.2352774920780498e+16,6989657749219336.0,10954898.58064516,8620607.638861312,10838357.10638298,2022-09-08 01:51:52+00:00,2022-06-16 06:06:20+00:00,5.662278384006445e-10,177537.0
1MAFMwFov6WKmFvnJ3TMrq9PDJW4yrV37G,11,131.54545454545453,205902112528.0,64882.181818181816,239203976.68191627,1.2251140762499305e-09,50137084202235.73,97855733004999.47,45958993852049.414,5082467.818181818,5703870.147094756,4658928.833333333,2013-10-19 05:54:49+00:00,2013-10-13 16:07:00+00:00,6.388737489401235e-10,68358.0
1MAcxkbMeHgrXoqUB1TSXYvLZYRp31a3Kj,10,30.1,202392390673.6,14024.6,1384472.728590715,2.18326034760648e-10,11090427347994.5,18811126272171.625,10082206679995.0,3543903.6,5466205.995356767,3221730.5454545454,2011-11-23 05:17:49+00:00,2011-09-22 08:22:38+00:00,1.4872100625829622e-10,233856.0
1MBMUXZWvTGE1KCqSZCRGpdonvNjzT7UCf,10,36.2,2715111624072.6,21323.0,1638952.6996583648,3.0284640182281654e-10,373279328356684.9,1163087620243218.5,339344843960622.6,7575469.3,12088459.834718078,6886790.2727272725,2011-10-25 12:23:08+00:00,2011-07-11 23:39:08+00:00,1.3332785171351777e-11,524175.0
1MFUheNfHBThbmkq6KZuockxXrAtDP4k4e,95,658.2,693607525644.2316,388083.1789473684,42800223790.496666,1.6894451411328438e-09,960919386652610.8,2370640904821600.5,950909809708312.6,12077855.45263158,23338923.269809563,11952044.458333334,2015-02-15 08:52:43+00:00,2015-01-18 20:59:24+00:00,9.489516414757113e-10,21928.0
1MFsp2txCPwMMBJjNNeKaduGGs8Wi1Ce7X,14,1014.2857142857143,1075265722244.1428,563090.2142857143,60368780444.08866,1.4074123123815191e-09,1564321701459521.2,2423999133881078.5,1460033588028886.5,18405305.714285713,10577950.137852749,17178285.333333332,2015-11-20 00:28:08+00:00,2015-09-04 18:30:40+00:00,9.432884293650136e-10,1267793.0
1MG3LEnxt4qBewi3BCy5Q6M2jCqgiDdtTC,72,813.0416666666666,741570439682.0695,412227.375,56957648455.01001,1.4184212120637806e-09,974820891392337.1,1398358917228789.5,961467180551346.2,17993134.194444444,15475494.258177664,17746652.90410959,2015-09-15 15:37:20+00:00,2015-09-11 08:02:52+00:00,1.0963782038227397e-09,400772.0
1MM58qvZdoSLK8cCd43cGTTSw9zSofZAn4,12,461.1666666666667,319808887206.75,232724.16666666666,27428630902.257877,2.060657292398549e-09,575661869974799.2,1511963840451456.0,531380187669045.44,6725237.166666667,11525598.321041154,6207911.230769231,2014-09-02 04:26:47+00:00,2014-09-01 07:20:00+00:00,1.4420070395621362e-09,34403.0
1MPxhNkSzeTNTHSZAibMaS8HS1esmUL1ne,10,1170.8,1391099642082.1,740845.1,190372424182.13812,1.1110311565722484e-09,1996268284436422.5,2211293239747089.8,1814789349487656.8,31195529.4,20858074.07137049,28359572.181818184,2016-09-12 11:17:27+00:00,2016-02-17 03:07:55+00:00,8.416363318501246e-10,431252.0
1MQGSdhhzoXdv4j1KWY7vwHpukQMiT6ook,20,336.3,1281741436415.6,168098.85,4048757.712276268,6.184961393996231e-10,522830208278779.6,762396241825947.2,497933531694075.8,86105331.85,263031448.34271547,82005077.95238096,2013-07-02 06:43:40+00:00,2012-04-19 16:32:14+00:00,2.623774112667104e-10,250611.0
1MUz4VMYui5qY1mxUiG8BQ1Luv6tqkvaiL,4044,2119.1073194856576,778950905566.4359,1061834.1397131553,13827105594705.223,5.994643205285421e-09,1974325432783022.0,4634328910568737.0,1973837342441172.0,24450578.245301683,26497680.545421463,24444533.602966625,2020-06-04 06:27:44+00:00,2019-08-14 09:05:58+00:00,2.720463259420296e-09,40959.0
1MVA4tCYxtCmfq5fz4LoiYTwWKaeB6LPEx,10,1307.5,767981941613.2,676424.7,4022059196164.954,3.3958514484051102e-09,1501633036519564.5,1664765230064647.0,1365120942290513.0,19740889.1,14440602.621265355,17946262.818181816,2018-05-05 06:06:03+00:00,2018-04-30 09:08:37+00:00,1.7025139904377236e-09,859238.0
1MWrgo4rm1aoPYFjCCMXgr1e564xVyHCqM,132,2163.090909090909,936077513532.7954,1288040.9772727273,19053854628826.08,8.68882347294691e-09,2215236621388882.5,2749223761522093.0,2198580706942349.5,45218833.38636363,27997004.39378625,44878842.15789474,2020-12-16 02:11:02+00:00,2020-12-04 10:36:06+00:00,2.310803195055198e-09,191370.0
1MYTwRPo1yh3DpMk7FQscNrXqHGTyyRV5t,11,320.72727272727275,392225572013.5455,182953.0909090909,40300030327.8914,1.2354289523547938e-09,304343304627645.6,564483088560191.1,278981362575341.84,4158984.8181818184,5557326.6518793525,3812402.75,2014-11-25 07:44:37+00:00,2014-11-24 11:11:03+00:00,8.177112753785377e-10,692521.0
1Marek48fwU7mugmSe186do2QpUkBnpzSN,18,414.05555555555554,1383142123619.611,180960.05555555556,8974296.01488785,7.28860196953532e-10,754337979517679.0,882004659581018.0,714635980595695.9,34733128.333333336,17875320.66031646,32905068.94736842,2013-04-25 04:53:10+00:00,2013-04-24 00:18:03+00:00,2.9935864759291235e-10,17222.0
1MbeoMCFVRYmZd5gFzWMZW8ggyPZyNvTrZ,17,436.52941176470586,271817980224.41177,313519.1176470588,7339558938.901482,2.2233796364403878e-09,160790223100790.6,213953285190149.88,151857432928524.44,8806369.588235294,7956997.520658923,8317126.833333333,2014-05-01 20:40:42+00:00,2014-04-26 01:18:49+00:00,1.6059622376868117e-09,240712.0
1Me8rVWwHH8eFWCPqwM43N1MkPtR6Lar7d,111,133.56756756756758,1351329656095.7026,58835.46846846847,1573332.2906293925,3.3697403016761754e-10,293603961021349.9,778193492521983.9,290982497083659.25,8979701.396396397,11801583.772957036,8899525.49107143,2012-10-23 15:20:12+00:00,2011-12-04 08:40:29+00:00,9.884158685118665e-11,797077.0
1MejoVXRvsmwyDpTpkw3VJ82NsjjT8SyEw,1060,370.0575471698113,880303962059.7075,172649.85471698112,6036752.02669547,8.803891492912136e-10,433972609247193.4,759807703013833.9,433563586995311.0,35099573.59811321,47848855.2255051,35066492.00188501,2013-04-23 19:47:45+00:00,2013-02-21 17:23:05+00:00,4.2037473772577634e-10,572723.0
1MfHqCr1FzVtGJGycS4tsqYjN9VGkRPSuH,12,2306.75,540413136856.8333,1060095.0,6273073940284.976,5.9994316597661666e-09,1338074409774586.0,979693508118939.0,1235145609022694.8,33276741.333333332,32944779.08981989,30716992.0,2019-04-26 12:37:33+00:00,2019-03-01 20:50:01+00:00,4.268493570338772e-09,163559.0
1MfxWhoHfro2oWvNQBesiPJLx9vBXMSACZ,11,339.8181818181818,428115984693.5455,206354.27272727274,34661425923.97694,1.409643241345227e-09,247299405044967.8,336582743671133.56,226691121291220.5,5046990.363636363,6334262.24944497,4626407.833333333,2014-10-03 02:18:11+00:00,2014-10-02 08:51:53+00:00,7.937526137021744e-10,280296.0
1MfzJ9WTvT6qN1QiYd8gujTwtX2i2Yk5zC,10,323.1,507947707197.2,154188.4,66864986.64205186,7.860780961850135e-10,184951598210834.2,154855575183211.8,168137816555303.8,17431331.6,11360939.647918703,15846665.090909092,2013-09-29 22:25:54+00:00,2013-07-16 23:25:53+00:00,6.360891001611771e-10,118280.0
1MhwJKZw5y4m9jrxA6vo6PzYL5rgiLYFSW,19,277.89473684210526,2166833369451.0,132910.1052631579,2971366.9911832972,6.333517754047448e-10,502755461817178.75,556785312468027.94,477617688726319.8,19783209.47368421,16397410.793428564,18794049.0,2013-03-30 12:10:59+00:00,2012-05-18 09:00:00+00:00,1.2824924184756952e-10,190859.0
1MimPd6LrPKGftPRHWdfk8S3KYBfN4ELnD,74,492.55405405405406,494697628021.02704,330008.6756756757,14944789934.025114,1.6014493522242379e-09,390646444203019.8,733230671192535.4,385437824946979.56,8403498.243243244,6025097.197630154,8291451.6,2015-05-04 10:09:10+00:00,2014-05-03 17:05:00+00:00,9.95666900656977e-10,279077.0
1MkCDCzHpBsYQivp8MxjY5AkTGG1f2baoe,1643,1731.632988435788,2096516520566.0828,1201848.4972611077,30287758730292.895,3.6176133471743884e-09,5018723525710720.0,1.0569045478694284e+16,5015670774174400.0,9689309.654290931,8042196.767614875,9683415.913625304,2023-03-19 15:08:02+00:00,2021-09-24 22:28:47+00:00,8.259572349891275e-10,3579035.0
1Mm6NzdjBvkFRJofPUjRMYjYPxuuGp2eNn,10,1045.9,1024080558837.3,431669.7,60126350679.30278,1.218974794554836e-09,2088529204796538.0,3465055248859358.5,1898662913451398.2,14732284.8,13737455.149009835,13392986.181818182,2016-04-01 23:07:57+00:00,2015-02-28 16:20:21+00:00,1.0213063718224208e-09,172293.0
1MoYfV4U61wqTPTHCyedzFmvf2o3uys2Ua,292,775.2671232876712,797105057822.8185,457753.7534246575,46614459634.63516,1.4517822293214287e-09,928797499674091.1,1358833447781929.5,925627542337319.5,12146815.698630137,9638798.880608317,12105358.989761092,2015-08-04 21:31:31+00:00,2014-12-27 07:43:31+00:00,9.726034425188638e-10,193704.0
1Mp3atombUR6iLLYoLEdN9uPfPscsKBXfi,639,603.3802816901408,602470892770.5165,350324.85758998437,37208001746.0769,1.4451491648981724e-09,644343560430878.5,1342910330827224.8,643336773617705.2,9224595.715179969,9174173.499614207,9210182.284375,2015-01-13 14:05:48+00:00,2014-09-02 10:57:30+00:00,1.0015094321245004e-09,68775.0
1Mp82mJt6d8XzX8bN2GAkpDqBukiwLuKrA,489,3190.3824130879348,577719553245.4908,1674999.773006135,53715377451716.125,3.456141633699847e-08,1760898279479949.8,1922892718739005.2,1757304609521827.5,17939944.498977505,10366080.31164566,17903332.36734694,2023-10-06 11:54:39+00:00,2023-06-15 04:05:30+00:00,5.522372222240231e-09,30.0
1Mpce11eUTuP9mxyDixdFbJzPrdNEJkgB4,1378,1331.399129172714,2389362962889.412,697513.5007256895,163741388155.1511,1.2380697007070318e-09,4785361615092229.0,2.3058508645775876e+16,4781891447133497.0,30909742.55950653,23385030.038647205,30887327.952864394,2016-09-12 13:22:12+00:00,2015-12-17 08:24:14+00:00,5.572192880911981e-10,7485.0
1MrWpS2hiPdHGVqoTpYLNftK7aJ2EW5hQo,12,2745.25,1015598477538.1666,1229313.8333333333,6329936314349.984,3.403278428573788e-09,2872011663222232.5,1431766555822706.5,2651087689128214.5,55856345.0,30840517.30748255,51559703.07692308,2019-04-24 15:11:34+00:00,2019-03-22 20:30:36+00:00,2.703085974148511e-09,211945.0
1MrkKXCaQQ6Pz8E3yk1E3vCvz3KqfU4439,11,116.63636363636364,213122812535.72726,155735.18181818182,10455720138.484837,1.1628816085190005e-09,56824494565843.27,148804870897108.53,52089120018689.664,2550847.5454545454,3614659.9566947194,2338276.9166666665,2014-06-05 04:41:37+00:00,2014-06-04 07:43:54+00:00,5.472730124411767e-10,221482.0
1Mv9oGhatduXxihUvjwxvNpm3ueKT6nJk6,14,840.9285714285714,498212458415.0,438703.5,48818865812.790405,1.7882186732883417e-09,603669436671551.4,861379487232368.5,563424807560114.6,12055719.0,11455461.727977311,11252004.4,2015-04-07 03:19:25+00:00,2015-03-19 19:23:14+00:00,1.6878914953349008e-09,52015.0
1MvYASoHjqynMaMnP7SBmenyEWiLsTqoU6,4042,2131.7102919346858,1070774712192.8906,1150650.3008411678,14789036379625.604,5.612174543899291e-09,2597527306399727.5,4639179226128950.0,2596884831181721.0,50905630.76892628,54771852.62929914,50893039.71506307,2020-11-10 08:53:27+00:00,2019-05-04 04:06:56+00:00,1.9908112020772834e-09,22263.0
1MxTkeEP2PmHSMze5tUZ1hAV3YTKu2Gh1N,19,301.10526315789474,409087630419.3158,148973.0,1254098725.1112504,9.370284396955373e-10,183644886840429.1,249683084115270.1,174462642498407.66,12359566.684210526,30207539.0761676,11741588.35,2014-01-02 23:54:58+00:00,2013-12-17 03:11:21+00:00,7.360409867422809e-10,324790.0
1MxipvUHfKaZzWVrCGhrLKVPtNxwESRoq2,100,43.04,193839854473.97,21515.69,1322972.5275019081,3.0564335158300193e-10,12880503862403.18,20182496324302.438,12752974121191.268,5187556.29,18634716.677032065,5136194.346534654,2012-02-12 03:41:59+00:00,2012-01-16 23:13:51+00:00,2.220389615788722e-10,38722.0
1MyiGhtL2UCijHFUcrHEJTd5QrKm5RWo9F,11,263.1818181818182,155134579272.27274,209199.63636363635,8715490841.8632,2.6660759241841033e-09,54766344549854.09,63383710882777.98,50202482504032.914,5922349.181818182,3468251.241566874,5428820.083333333,2014-07-09 22:22:06+00:00,2014-04-05 19:36:48+00:00,1.6964742445971025e-09,118955.0
1MzJcaTqEFk8f3EAtZX3EgCoP5MCVUQL6r,46,290.3478260869565,1177737923834.848,160398.36956521738,26049334.815072455,5.123697804488938e-10,610744022280409.5,1428037297497328.2,597749468614868.9,25238380.02173913,106689526.5277341,24701393.21276596,2013-08-13 12:46:16+00:00,2013-06-23 01:25:47+00:00,2.465300812778034e-10,74812.0
1MzTZ1TQuqdi6r3KxhEQj9fBRrsYsYkyeY,11,7.181818181818182,12147271121.636364,4298.545454545455,237810.33322535717,5.951685525995009e-10,108320943261.09091,124148553028.47742,99294197989.33333,6012637.545454546,6066836.846110918,5511584.416666667,2011-05-27 19:41:57+00:00,2011-05-15 00:35:52+00:00,5.912289361045163e-10,1211544.0
1N4c8rFC5okV9GVG7by9AgXwyiHBMcfbGS,113,38.16814159292036,765729424605.531,19993.557522123894,1670224.4148830823,4.5436883446557064e-10,88999315907702.9,510402288502765.2,88218620154126.56,7098124.256637168,26746638.89084978,7035860.00877193,2012-11-26 02:56:11+00:00,2011-08-14 20:32:33+00:00,4.98454680810821e-11,1193.0
1N6LrEDiHuFwSyJYj2GedZM2FGk7kkLjn,105,1120.5904761904762,1379853031141.7048,653626.0476190476,68124654939.966644,1.3999545006245626e-09,2322966005499328.5,3503197334325895.0,2301051231862542.5,21660989.019047618,14887340.831259456,21456640.066037737,2015-12-29 18:34:04+00:00,2015-08-10 13:00:21+00:00,8.121085730871554e-10,54407.0
1N98CdHoVS6qDqfEjQtVKUFJVJZ9jD3Zcx,30,1844.7333333333333,424869677149.6,907272.4666666667,13836270090759.406,7.258245058946367e-09,969877732226750.6,1066945454450327.9,938591353767823.2,13504275.633333333,10982025.096935503,13068653.838709677,2020-03-06 01:31:41+00:00,2019-11-27 13:45:47+00:00,4.341880422508449e-09,108301.0
1NBcG7muTJF8SmG5JhmQGHirN68unkVMBw,13,252.0,390380332549.7692,106684.30769230769,95355066.07310122,7.285575424721512e-10,153076651465066.38,216302062773723.47,142142604931847.34,11603443.23076923,9215745.06263791,10774625.857142856,2013-11-19 12:24:37+00:00,2013-07-08 17:31:47+00:00,6.455243233030259e-10,29192.0
1NEU779yvLaFk39k4Q3QdLjwpWTdWCbzqL,1445,317.08442906574396,1204687064940.8706,136094.46297577856,3219031.347661786,6.534451186846901e-10,524791889398973.94,1052133040680803.9,524428962781132.3,30240871.725951556,77628051.3593094,30219958.260027662,2013-02-21 14:42:00+00:00,2012-09-13 03:06:17+00:00,2.6320895964904157e-10,289715.0
1NEyKg9dkEYXNQfuEYMCv549XjccjCDjPd,35,126.05714285714286,365444801696.0857,78769.34285714285,2068045.6002591231,4.2760927641025915e-10,163743083531770.53,561299814826403.44,159194664544776.9,7428582.142857143,12807109.685822058,7222232.638888889,2013-03-10 15:20:35+00:00,2011-10-29 15:31:37+00:00,3.449416772987117e-10,339034.0
1NFvvAu3DoFsDhW31Lnr71aMhVhF3ETP7K,79,669.0632911392405,789444885822.6075,324299.11392405065,51328841192.52455,1.2068164174293395e-09,965696083753800.5,1955727108873465.0,953624882706878.0,11818742.05063291,10763237.419686312,11671007.775,2015-10-08 20:51:33+00:00,2015-04-01 16:24:10+00:00,8.475110842501329e-10,1037189.0
1NFw6R8ySoyzCvRrKGK2jWDuVUcq8ECggP,31,1858.3548387096773,649871789438.4517,1005092.6451612903,7048273575267.278,3.629607689731064e-09,1484211590860186.8,1482596475073157.8,1437829978645806.0,19256676.16129032,17734300.516861957,18654905.03125,2018-11-27 14:59:20+00:00,2018-09-01 18:14:48+00:00,2.8595714861164616e-09,50616.0
1NGFjvcXjAmeVe7Rp99mmPax6Wr11mpuro,12,299.5833333333333,623937326873.75,140410.58333333334,105881058.4265312,6.704418795401366e-10,321608543738619.94,508193942595401.44,296869424989495.3,16311372.0,15570261.475168126,15056651.076923076,2013-11-04 20:48:52+00:00,2013-07-12 00:56:22+00:00,4.801497208612304e-10,24657.0
1NH2b137CM62oJAacCST3VkQMf71E4aS33,1192,2179.7558724832215,1373240397970.2886,1265994.9446308725,17991371374634.355,5.100506248145524e-09,3285838822678892.5,6292139603985895.0,3283084557110846.5,79344208.55620806,63059751.936254844,79277700.41827326,2020-11-13 04:46:08+00:00,2020-06-23 09:10:18+00:00,1.5873082933658223e-09,19253.0
1NLg3QJMsMQGM5KEUaEu5ADDmKQSLHwmyh,1229,356.76891781936536,1015908459971.9991,153569.91944670465,4778294.874118687,7.345438876812538e-10,501438728487330.9,795492351876218.9,501031054724333.06,32118849.74288039,49130359.1609813,32092736.856910568,2013-05-01 23:29:08+00:00,2012-11-08 09:48:47+00:00,3.511821506331375e-10,98972.0
1NMmmL4m9Wo2BZU1xBFUU7vGRckGwMd7EQ,80,2044.725,647766033898.125,1141796.6875,13895768897011.143,8.285889814261674e-09,1650959698658190.2,3573327426364920.0,1630577480156237.2,27342523.65,20758081.492802124,27004961.62962963,2020-06-26 20:52:38+00:00,2020-06-04 04:06:33+00:00,3.1565795256278852e-09,1460670.0
1NQNUt6dZYvYaovYPL5KRCc8abpSAuNThP,23,1360.391304347826,792387297738.826,765367.2173913043,3489965699983.1304,2.248734566258751e-09,1337810656165007.8,1318340618452414.5,1282068545491465.8,18348201.04347826,13029689.785312155,17583692.666666668,2018-04-10 15:23:57+00:00,2018-03-19 11:28:11+00:00,1.7168262391760555e-09,972225.0
1NS4gbx1G2D5rc9PnvVsPys12nKxGiQg72,96,1102.7708333333333,931442579975.2604,545247.1875,2246371650865.606,1.6572526340728671e-09,1526757771701332.0,2198321717818521.5,1511018000859050.2,116007210.44791667,185350595.07243252,114811259.82474227,2018-09-22 04:48:20+00:00,2017-07-30 21:14:36+00:00,1.1839386098954414e-09,667496.0
1NSmAqTch9ub8QZTkRYsmHGdbTcrsWVahV,16,359.375,412899401120.75,159686.0,2193847870.174279,1.3901541302802114e-09,246265117599279.7,487526599903515.3,231778934211086.75,6522335.0625,5223430.79722542,6138668.294117647,2014-01-31 20:11:47+00:00,2014-01-27 02:23:16+00:00,8.703693902789239e-10,187694.0
1NTFtxFUjkNiaxtapufDUAEgBYuF9jRYYu,16,8.1875,55231671327.875,4982.375,1492567.276100739,3.989033778148747e-10,443646271371.625,691269164199.6586,417549431879.17645,3673509.5625,4001102.508518737,3457420.7647058824,2012-04-19 00:31:24+00:00,2011-09-10 10:20:49+00:00,1.4823922222805943e-10,291010.0
1NUEJv4ZEKgmyrN7HM5HFW2cKAv8Uq9J3z,13,263.38461538461536,574392592566.3846,98784.0,808075394.7849994,7.956693168027855e-10,230157640823689.84,318685910634524.1,213717809336283.44,8146928.615384615,5969047.547114888,7565005.142857143,2013-12-18 14:39:19+00:00,2013-11-24 23:11:58+00:00,4.5854458917691396e-10,15905.0
1NVm1JVPTdzgZbiNQo5DYB9yQLrQqgPsZT,10,389.9,513414606607.6,195214.3,3815723798.81463,1.1864906245280967e-09,255036606487286.4,333187039632500.44,231851460442987.62,6832432.8,3975043.361267754,6211302.545454546,2014-03-06 21:19:11+00:00,2014-03-04 08:52:46+00:00,7.59425218881625e-10,331217.0
1NWPBR6QMFg41EsWZYapiJLwpQpVoSS5u4,17,272.47058823529414,619708127050.4706,136897.70588235295,500734606.3237497,6.112436430932402e-10,267695764776803.25,412566440007299.56,252823777844758.62,8187444.94117647,7634945.374967578,7732586.888888889,2013-12-18 10:14:14+00:00,2013-08-06 13:25:21+00:00,4.396756736629072e-10,354742.0
1NY15MK947MLzmPUa2gL7UgyR8prLh2xfu,116,804.7844827586207,875485772486.4741,448987.6551724138,48388351676.0972,1.2232737138078342e-09,1050488696432030.2,1408892912850402.0,1041510160565089.8,12113627.155172413,8986869.194114052,12010091.88034188,2015-08-02 08:27:55+00:00,2015-04-16 19:46:00+00:00,9.192433595727614e-10,893740.0
1NYcww4PeuncQHUzuqy8Tph8Ce3ex4DULV,15,798.5333333333333,755028826718.1333,492756.0,47132495052.32284,1.933634298573407e-09,882465109091208.5,1000636201599655.2,827311039773008.0,10470163.6,8152680.619991402,9815778.375,2015-03-25 19:16:05+00:00,2015-03-05 11:57:58+00:00,1.0576196630853157e-09,222776.0
1NastyFRkeUTmMdbMmzggDVTQA6r3ibUoX,25,185.64,343565040066.16,90289.04,26462592.93595823,5.969735246282783e-10,109467180827931.84,203485733059093.2,105256904642242.16,12676387.0,14619924.718117392,12188833.653846154,2013-07-27 07:37:08+00:00,2013-06-30 15:04:30+00:00,5.403343715188585e-10,31607.0
1Nbq2XZaRsKknf5fcT2wTXvBS31PaUWSeX,903,425.73643410852713,382710615439.3123,260289.53709856037,8691741065.91593,1.922450955471625e-09,283845645663781.2,744144535151031.4,283531657117692.94,8245761.320044297,7170442.959833467,8236639.902654868,2015-02-15 02:47:15+00:00,2013-12-08 03:42:17+00:00,1.1124238966296391e-09,50927.0
1NcYR2XvBEu7JcK56CoWLZyYGZfF6B7VGL,20,2165.65,873229350115.95,1048303.85,8723084421754.854,6.995225512762209e-09,2244794114529310.5,2940143653142965.0,2137899156694581.2,34648572.85,34084993.13336171,32998640.80952381,2019-11-08 06:27:17+00:00,2019-03-04 10:05:04+00:00,2.4800471946029284e-09,150803.0
1NcvzykcHL9KHAFZ1bkypAsP3mDp5q3Zt8,21,371.3809523809524,299487593220.2381,221381.57142857142,2274195289.7341886,2.047599446470174e-09,170998450907853.9,254242619069499.97,163225794048406.0,7542017.80952381,5440967.492080178,7199198.818181818,2014-02-24 03:13:27+00:00,2014-01-15 13:51:23+00:00,1.240054549130672e-09,144151.0
1Nd99aNgYWpKkqcqSMgWtdtVDadewAS5F7,358,528.3659217877095,503372509648.4357,311980.48603351956,28872690683.611935,1.8398278922393981e-09,495860781609115.2,1736499216189586.8,494479553805190.06,9831153.95810056,27238924.06698291,9803769.128133705,2014-10-08 11:34:31+00:00,2014-08-23 20:16:43+00:00,1.0496519211125168e-09,17733.0
1NdCTj21Deca7F5x7ZrCCVJBCkZrh2qBCZ,13,54.53846153846154,523726214783.38464,23857.23076923077,1625223.003900404,2.343392116481085e-10,69910374420218.695,156630477001564.38,64916776247345.93,2896948.769230769,4394354.582943423,2690023.8571428573,2012-08-03 07:00:54+00:00,2012-02-22 13:10:21+00:00,1.0413544328885442e-10,431175.0
1Nf7CzkenrwEhsYFAjZCJ5TP1nzy9tT93R,146,1780.0205479452054,1814914621490.8289,978534.9246575342,919753029284.6818,1.8226337703090427e-09,3546251865483132.0,3295149260045741.5,3522127703132906.5,182700728.30136988,119181199.27642438,181457866.20408162,2019-01-21 19:27:38+00:00,2017-03-26 15:31:46+00:00,9.807737107120992e-10,383894.0
1Nh7uHdvY6fNwtQtM1G5EZAFPLC33B59rB,13296,1732.5541516245487,857735736165.2797,922100.8045276775,6185380033435.582,4.095627273845812e-09,1931490531308715.2,3693213236666126.5,1931345273691861.2,48583405.43674789,96293906.64633007,48579751.724975556,2019-11-06 01:35:51+00:00,2017-08-01 00:27:31+00:00,2.0199160167563517e-09,801269.0
1Ni2u5ex4sjrRQwu7fQsQDH4tc8pjwUrf,14,404.2857142857143,241689387502.35715,256657.64285714287,34661425923.97694,3.6476229416336847e-09,152139078600908.56,174696648691418.75,141996473360848.0,6301026.285714285,5195776.059406353,5880957.866666666,2014-09-28 03:48:32+00:00,2014-09-27 08:11:42+00:00,1.6727491366652223e-09,168350.0
1NkTMQhYs84PjrsTvE4ckFjw73NCjpsHTj,15,272.06666666666666,620988906076.1333,134732.66666666666,4847647.152065606,6.944688172440185e-10,245635011398935.72,376443201128753.3,230282823186502.25,30558635.466666665,37312612.77999891,28648720.75,2013-03-24 08:30:49+00:00,2013-03-17 02:59:45+00:00,4.3811840115757443e-10,35137.0
1NkrLpJFpSTkmpae2gYqxzcJ8yd4FvtZgj,74,53.648648648648646,392572531932.7162,25631.5,1378791.9244048877,2.447565941358322e-10,25223668560730.812,28454003320788.89,24887352979921.066,3736218.972972973,3261765.576229801,3686402.72,2012-03-02 18:40:14+00:00,2012-02-12 09:25:44+00:00,1.3665920125518002e-10,611181.0
1NpD1owS6HqUsFFz2sVAFxQKtrkwNM6Hxc,13,374.15384615384613,399706667875.46155,190402.84615384616,1498373882.548834,1.41014940494836e-09,202159211480956.53,265411446622385.56,187719267803745.34,8683107.153846154,7981922.714312405,8062885.214285715,2014-01-21 04:22:36+00:00,2013-12-30 08:09:47+00:00,9.360710646699119e-10,106882.0
1NpzN4gKfxSGboCSB2BqGTZ5QrHUPDX3K9,114,363.06140350877195,960274951780.4036,164216.84210526315,7849614.327817336,6.112923604479113e-10,461940855660839.9,646326594907133.9,457923978655093.44,53450761.39473684,184055845.19030106,52985972.16521739,2013-04-25 00:06:08+00:00,2013-03-25 23:56:21+00:00,3.7808067661833287e-10,39818.0
1Nsvmnv8VcTMD643xMYAo35Aco3XA5YPpe,17,237.1764705882353,311363905715.05884,91547.17647058824,11300922.667056678,9.45706412008253e-10,102507275162808.47,120839569702241.89,96812426542652.44,19282584.17647059,15317746.724375486,18211329.5,2013-05-26 16:39:49+00:00,2013-05-14 12:14:42+00:00,7.617339911109822e-10,33394.0
1Nuj3MYgJRxBNyrUv65cKdWY1weUiXqzXE,26,129.42307692307693,81877034978.1923,78723.38461538461,6234092610.133937,1.7939377502432e-09,18337402509107.652,36427450750762.64,17658239453214.777,2668905.0384615385,4110452.8641565954,2570056.703703704,2014-06-02 15:10:15+00:00,2014-02-27 21:53:58+00:00,1.580700582984574e-09,66154.0
1NvWFTai59nRUGJyL8d5KVp83pVCY5Xv6A,24,1475.7083333333333,1037760139853.0,770150.0833333334,1639951257139.0303,2.8120377643247067e-09,1903663346086992.0,2340257078647027.0,1827516812243512.2,129619568.91666667,142125974.62079138,124434786.16,2018-09-09 21:50:46+00:00,2017-10-08 09:54:53+00:00,1.422012926361162e-09,128036.0
1Nwk3Pw9sxSfcZENnq1kjjSbN97baYXej4,19,287.3157894736842,1750873475601.3157,130094.68421052632,4051431.704891355,5.477009337188541e-10,653514095939374.8,853370553519106.8,620838391142406.0,25386727.736842107,21340127.125894085,24117391.35,2013-07-08 01:23:46+00:00,2012-04-24 10:22:16+00:00,1.6409854479919468e-10,499206.0
1NzDBxPNrGXwPLx9HuVBPgs9DjozY741mi,86,1767.6627906976744,1274561389222.8953,1283692.441860465,22537036530203.71,5.922747555241969e-09,2766310730408243.0,3562977403271890.5,2734514055346079.5,63208810.54651163,46899405.92416811,62482272.494252875,2021-06-09 01:23:12+00:00,2021-04-23 00:00:31+00:00,1.3868792869799899e-09,320683.0
1NzwkFVQNTzih4YwsEATBXsm6Co6DtM7r7,29,1880.7241379310344,691170452685.2413,978041.9310344828,7074674581797.17,3.975006744880936e-09,1600893072060442.0,1678460357853969.2,1547529969658427.2,16246033.379310345,15147714.892091997,15704498.933333334,2018-10-15 08:34:27+00:00,2018-08-27 14:02:57+00:00,2.7210713806186318e-09,177096.0
1P4B6rx1js8TaEDXvZvtrkiEb9XrJgMQ19,115,675.2521739130435,692511816941.5131,401070.9652173913,47348875261.16679,1.2267739254104233e-09,728723951518656.4,1114780294717322.9,722441848488323.1,10283035.269565217,8698955.717626676,10194388.413793104,2015-07-14 22:47:47+00:00,2015-01-29 08:18:16+00:00,9.75076753051382e-10,581178.0
1P4g74BDTMYusFcwYModAFPw9yqVDapBHo,26,308.03846153846155,4136207328512.115,134627.42307692306,2496200.1868143105,4.325014604304524e-10,1538205369722949.8,3361245543578473.5,1481234800473951.8,23476388.923076924,19518694.20440391,22606893.037037037,2013-04-11 07:32:02+00:00,2012-04-16 04:56:34+00:00,7.447365111875806e-11,90712.0
1P8GQtsMTDTtewfuErWnbdVeKRicPVDmrt,19,176.8421052631579,708844616406.6842,106418.21052631579,251796779.74040067,7.743578783101169e-10,227752959059997.25,597655725529010.5,216365311106997.4,40586070.473684214,137685230.28285497,38556766.95,2013-11-04 07:57:10+00:00,2013-10-12 21:40:31+00:00,2.494793656748302e-10,106975.0
1P8JEyFzdmWcTEkYGhnXCHDDHkGtMhvrS3,442,1765.6470588235295,1619546537233.2783,881846.2963800905,462785345135.5546,1.913432096428814e-09,3250654388863836.0,3319867620356000.5,3243316568572947.0,123458924.04977375,98092987.77463141,123180235.73363431,2017-07-30 07:31:29+00:00,2016-08-17 16:05:20+00:00,1.0902107585249382e-09,3450.0
1P8TmD3xqgEvxTqVvMVcY76nt2nLBGFTHs,27,253.92592592592592,239479324760.14816,133594.88888888888,1418481395.2626357,1.3516906591478135e-09,88770623261062.7,115687052830135.25,85600243858881.89,4681099.481481481,3203561.878274536,4513917.357142857,2014-01-12 12:32:27+00:00,2014-01-04 19:16:01+00:00,1.0603250455138323e-09,126466.0
1P8dunLAxKiesAsmXube95pBYPEBSrgu4c,29,359.82758620689657,354873408016.931,217706.62068965516,8552346972.385702,1.2624043517825786e-09,219791593217485.38,412276641351314.2,212465206776902.53,6183763.448275862,6784944.242775568,5977638.0,2014-05-25 12:59:51+00:00,2014-04-30 01:51:34+00:00,1.0139604097631602e-09,50451.0
1PA8eyVpQVgey2Wi1gwzivtX9aX76P4H4m,11,233.9090909090909,292933358689.8182,107161.27272727272,106709909.21441603,1.1820740741025428e-09,134459161511910.27,261659192109221.16,123254231385917.75,10503013.454545455,9410735.307072476,9627762.333333334,2013-10-23 14:26:19+00:00,2013-06-24 13:54:50+00:00,7.985061583811388e-10,15112.0
1PCP6C9KuGgHzT9tF1UXYgHXXAmzFxkimA,13,474.3076923076923,1138519395045.077,283317.53846153844,855701991.1241136,8.111525762965343e-10,1624225625799451.0,4784510641655617.0,1508209509670918.8,13254255.76923077,13490991.611316113,12307523.214285715,2014-04-05 15:25:07+00:00,2013-09-28 18:04:19+00:00,4.1660044999840626e-10,12606.0
1PDxvLzJuQEHH1ucGVrkSHgVfJxRFXqEP,10,523.6,450506233624.7,353736.3,47992624785.86682,1.7212992932739753e-09,372753362324804.7,532044978391664.94,338866693022549.75,7638005.4,6734481.169766569,6943641.2727272725,2015-05-24 17:11:35+00:00,2015-05-08 00:41:49+00:00,1.1622480687718778e-09,615766.0
1PE7LXcntsLvavM2KXpJGNu51UbDhC3u63,886,1038.119638826185,1416734401281.5193,575437.118510158,96986763675.36496,1.331723755660151e-09,2469402339355432.5,1.0511031591964028e+16,2466618345737219.0,21393375.380361173,25704585.197882105,21369256.580608793,2016-08-15 22:02:33+00:00,2015-02-02 15:44:36+00:00,7.327552983023107e-10,483097.0
1PEJeg9YTHfkK2agZpNg8iVkeLfdkdZyws,11,172.63636363636363,299564161158.7273,86726.63636363637,176318446.5126896,6.657295338094327e-10,62573126488384.63,77816161215318.44,57358699281019.25,8732928.272727273,7427397.25786164,8005184.25,2013-11-15 08:18:31+00:00,2013-06-03 21:23:47+00:00,5.762917799265393e-10,76909.0
1PETAmNrgdzx3FwzJPNuhx18JVKdGtwWt6,18,497.6111111111111,396024768575.2222,347050.05555555556,4200774447.7611117,1.5176363558674893e-09,276839984726627.72,334461222049555.94,262269459214699.94,10125500.611111112,7173578.788397603,9592579.52631579,2014-04-08 01:29:45+00:00,2014-02-23 20:44:19+00:00,1.2565151237922969e-09,209078.0
1PGwNprChx745u6XdbcHttf7Y2MAaqXhsF,270,418.1074074074074,447285815453.6556,247110.37407407406,30895089268.27609,1.6086517932196131e-09,324034953633242.9,764826615919535.8,322839252697326.8,6386056.607407408,5977242.592066519,6362491.8228782285,2015-01-05 19:06:49+00:00,2014-07-13 12:56:30+00:00,9.347656307485309e-10,49014.0
1PHhNs6de2qQfpjBEVAz5ujGKZrTHQNhnJ,18,1293.7777777777778,970888498964.0555,983274.8333333334,2274526071658.667,1.6578246843377477e-09,1601624282246342.8,1614045640628295.2,1517328267391272.0,208008746.83333334,127924918.39908962,197060918.0526316,2018-02-08 20:22:58+00:00,2017-12-29 20:28:57+00:00,1.3325709174207413e-09,633330.0
1PJNv515fXga5J8HMdSVkXpoJa5rJNLm3y,11,61.27272727272727,29949114677.909092,72831.90909090909,16818461371.16111,2.847520710595092e-09,2437506407595.727,3406533237566.0615,2234380873629.4165,1075616.4545454546,1154695.0555974825,985981.75,2014-07-08 07:01:02+00:00,2014-07-07 09:10:42+00:00,2.0458944423463356e-09,91163.0
1PJb6kLxZjUeq4fkKJ6ubDnEbx8ELJyRfc,161,2148.472049689441,934302679875.882,1099515.7391304348,14044104283875.898,5.342951571781386e-09,2135273159814471.5,5174867216730389.0,2122092461297098.2,26814956.273291927,28448402.930713903,26649431.85185185,2020-06-09 23:08:08+00:00,2019-08-21 02:08:36+00:00,2.299546063567811e-09,220233.0
1PMHjVznL8x2NTVxDDPMHwdG7n3daYn45b,36,2153.527777777778,640568870574.5278,1091917.4166666667,13831086927539.506,6.315394618407088e-09,1646124590032323.5,1603481098615410.8,1601634736247666.2,16678673.222222222,14093410.916883899,16227898.27027027,2020-03-09 01:44:55+00:00,2019-11-20 22:10:12+00:00,3.361898894409704e-09,259994.0
1PNNUfoMvqT7CUQipy3p5gjGF2oL69QaAg,17,390.7647058823529,372541158052.2353,189197.70588235295,3129573174.5222874,1.2701393064810274e-09,171934913118797.28,168488411294962.12,162382973501086.34,7545904.411764706,4740810.072241347,7126687.5,2014-02-27 17:32:49+00:00,2014-02-23 03:25:24+00:00,1.0489168711596758e-09,304052.0
1PQwtwajfHWyAkedss5utwBvULqbGocRpu,1220,1805.5918032786885,1751765983245.1,1195249.0262295082,19006172384810.53,5.141087754654192e-09,3777963603591492.0,8281990759359876.0,3774869448305995.5,40999029.86311475,49995420.49898083,40965451.624078624,2021-10-13 05:33:04+00:00,2021-02-07 19:46:18+00:00,1.0307266042087867e-09,3267.0
1PSf86KnLuzM7Ris5kDhTEZwooR3p2iyfV,492,233.489837398374,2004314493072.2073,100360.02235772357,1722771.9538222845,4.809304806488704e-10,707467135863152.9,1542783562595067.8,706032111246797.6,20198176.046747968,135862064.17885906,20157206.11561866,2012-08-24 20:11:24+00:00,2012-04-08 22:38:07+00:00,1.1649361325551334e-10,400336.0
1PVBMayLC8r9QkNpEm7aJdGhCWKTW7UTVm,10,294.3,426358887071.6,156095.1,91770766.2487591,1.0282223444179424e-09,165761764521575.4,191304059170536.56,150692513201432.2,14247373.3,7990333.960575463,12952157.545454545,2013-10-19 13:15:56+00:00,2013-07-08 17:56:43+00:00,6.902635524296628e-10,26467.0
1PWWnKpoBqT5GC4KtABuoXVBezVQPDw3vt,10,481.0,432671707107.9,320610.5,15575721625.9346,1.4768747426973854e-09,228486066077504.4,234911619027695.97,207714605525004.0,7988563.0,4916489.397530247,7262330.0,2014-08-24 20:41:13+00:00,2014-05-24 05:33:52+00:00,1.1116973726226287e-09,484325.0
1PYDG8rSTbyfrDKKo3kvBP6cCfJqdcEzUh,243,2119.3168724279835,913202203578.4979,1051017.0987654321,8279809232962.917,5.95007343306562e-09,2229050482665116.2,4208267054846582.0,2219915029867308.2,41708241.522633746,42807703.90857711,41537306.10655738,2019-11-18 04:46:50+00:00,2019-02-27 04:59:01+00:00,2.3207531301645717e-09,65038.0
1PcacwvaEcnr7tZYjQEVKA36WgziPDerL6,17,282.4117647058824,3714125560887.8823,127634.64705882352,2921518.2494719326,4.4454495985614845e-10,1353024380337028.8,2651265282746518.5,1277856359207193.8,18169315.647058822,14564584.613769593,17159909.222222224,2013-04-24 13:02:30+00:00,2012-05-07 08:56:06+00:00,7.603721524114825e-11,62085.0
1PdNVV71qNbHxchKiRrxqoR8JohpaLfoMX,565,2042.0548672566372,664376345306.2584,1151525.4743362833,15177146185438.35,6.416466342264373e-09,1599941710058272.0,2644767566169305.5,1597114957920359.8,25856181.943362832,17695775.678524897,25810499.64310954,2020-07-20 02:07:16+00:00,2020-06-04 13:32:52+00:00,3.07364174188849e-09,2006078.0
1PdwZ1AYTd8ruYNoghaAPtZdbUSYFTFAjv,22,587.5,485403844364.86365,337427.3181818182,3675823430.3026414,1.4635072221346207e-09,476378869082142.56,734422786038810.8,455666744339440.7,13001470.818181818,12850732.43850277,12436189.47826087,2014-04-03 15:56:11+00:00,2014-02-11 06:25:29+00:00,1.2103324001661465e-09,11721.0
1PfP6VLojhxzUfXETMeSY3L9onCtNYRioN,10,94.8,211620744938.8,72288.1,341795303.6132568,9.579944695261456e-10,38657954709922.7,75860038380829.48,35143595190838.816,3732578.0,5157297.786470159,3393252.727272727,2013-11-17 06:30:21+00:00,2013-10-13 01:58:14+00:00,4.4797120446493015e-10,84637.0
1Pi3iG4joT2kVGxDi5ZsDRCYaCqRm5crp3,11,49.54545454545455,39224137439.181816,57973.09090909091,11756551916.903952,1.668032154064377e-09,2272076723566.5454,2483507430104.0815,2082736996602.6667,600269.9090909091,644300.4919696172,550247.4166666666,2014-06-15 04:46:31+00:00,2014-06-14 08:51:40+00:00,1.2631368789760193e-09,88317.0
1Pik4g5CUU1s3wUtUmssAc5b7YBZAgYjCK,21,186.76190476190476,210655521723.09525,91309.14285714286,1789546951.0532405,1.5091964288667133e-09,61711799999981.86,122579818148996.6,58906718181800.87,3369777.3333333335,3136526.424718949,3216605.6363636362,2014-01-19 22:41:14+00:00,2014-01-14 20:28:18+00:00,8.865749315956767e-10,399976.0
1Pnr3RtGgmQ99KRaPK6cs3BVaYbjQQzLNM,30,83.43333333333334,1401318334396.2334,34853.5,1972983.6203987834,4.755120443248004e-10,335112953056897.06,1096520617875097.1,324302857796997.2,2377210.933333333,3933646.0343852,2300526.709677419,2012-09-13 07:54:40+00:00,2012-04-08 13:33:46+00:00,5.953917199640516e-11,58188.0
1PoGeP9ZgfxdSShH8mbkJ2EXm4qHqiFtF2,21,6.380952380952381,23548850245.142857,4453.047619047619,1230698.9135234698,4.3109544557699913e-10,171954726387.38095,206069387433.79767,164138602460.68182,1876614.238095238,5158356.080038619,1791313.5909090908,2012-01-14 05:56:27+00:00,2011-10-24 06:32:47+00:00,2.7096662106756166e-10,238387.0
1Pof8yq73J6MheYMKQLkbi4tJsWd7yYtyf,14,1982.9285714285713,618615062620.1428,1180323.0,6894090451179.312,4.208580344995717e-09,1309341730051010.0,1069071940078719.8,1222052281380942.8,15639671.0,14804942.048046945,14597026.266666668,2018-12-10 20:07:11+00:00,2018-10-07 12:03:22+00:00,3.2054320873304985e-09,64553.0
1Pq5g112JhHW6dNX7QSuHaczt3KwKXY119,144,2063.5416666666665,1252505270356.0208,1295919.8333333333,20894471888328.062,5.4510363746794674e-09,2965944667843933.0,3438474929572913.5,2945489877031216.0,71321152.47222222,50330937.29213021,70829282.45517242,2021-07-07 01:22:43+00:00,2020-11-12 02:47:37+00:00,1.647531324223579e-09,46334.0
1PsCQgpSvhJi3SBPHsaff58KckUGPTj6ZT,91,580.8461538461538,587713748101.3846,330843.3956043956,39994911779.55652,1.244151204535183e-09,565110940300732.9,940585045088649.4,558968430080072.8,8730956.076923076,8607241.359484268,8636054.380434783,2015-01-14 07:29:53+00:00,2014-12-05 08:55:24+00:00,9.883147292752354e-10,16323.0
1PtT8a79X2CbFSqwX2nCZjrvqaGRgfLxbz,128,1673.515625,2197512490120.2422,1100686.9296875,23293934815040.12,3.319017043825428e-09,4713224676869398.0,6026087455132447.0,4676688051467310.0,7327365.296875,6170302.278131794,7270564.015503876,2022-01-10 07:22:59+00:00,2021-11-20 10:35:18+00:00,7.615499946070521e-10,3675735.0
1PuTM8tUE6u8JLuZ4Yd6mFZ9qiaBRsy79W,44,524.1590909090909,669144770499.8182,319458.63636363635,1270734649511.7913,2.662561413854353e-09,1203413622018166.0,2165201947946248.0,1176671097084429.0,59428827.11363637,97440479.05132385,58108186.51111111,2018-02-10 15:16:25+00:00,2017-10-02 20:06:27+00:00,7.833268883168134e-10,93704.0
1PwzEjXdhGDqe7gxYYKbCxsd4UiAoRoW4j,411,1863.956204379562,1769137299338.6667,939043.2189781022,561784347421.9211,1.7590982102235395e-09,3627407095368903.5,3714833467369100.0,3618602709215095.5,167741796.26034063,109336201.55443808,167334655.97815534,2017-08-08 10:40:41+00:00,2016-12-16 11:01:14+00:00,1.0535961256802059e-09,605119.0
1PyvPBpWUD1NwCuSppr6DCA3TrP9zwF9qR,11,107.63636363636364,1584612388605.2727,57901.454545454544,1994417.287701802,1.8673907595425037e-10,297315078954907.0,519905936254607.3,272538822375331.4,9268275.454545455,11409425.19002085,8495919.166666666,2012-12-10 20:22:32+00:00,2012-02-02 11:23:10+00:00,6.792598897393568e-11,1272381.0
1Q7Jmho4FixWBiTVcZ5aKXv4rTMMp6CjiD,473,976.7949260042283,785726916024.1163,595525.3002114164,3518994661397.655,1.9297707604251838e-09,1165596404881647.5,1930561170924342.5,1163137340736327.5,49558988.410147995,85580736.89343677,49454433.58227848,2018-06-14 12:00:06+00:00,2018-01-13 10:51:22+00:00,1.2431735582471093e-09,529094.0
1Q7MES3Ww6cUHBNTyNBgf9kZHHDFAq6Asp,64,2039.875,1327718908950.1719,1026932.078125,1784969865766.2654,2.211385596934188e-09,3124102848190360.0,2933778970173897.0,3076039727448970.0,382628890.65625,244408989.97047022,376742292.3384615,2018-01-21 10:27:38+00:00,2017-12-02 08:30:52+00:00,1.5363756486777238e-09,753502.0
1Q8QR5k32hexiMQnRgkJ6fmmjn5fMWhdv9,1539,3081.100064977258,563712349588.9149,1682184.2423651721,51631571225367.03,3.310960254250573e-08,1713369299712972.0,1956738740279199.5,1712256722245626.0,35014841.03183886,55829790.17952315,34992104.12207792,2023-10-06 11:29:57+00:00,2021-12-20 10:21:14+00:00,5.465731001323882e-09,6753.0
1Q8Qtj9H7SYAoPyx3BFNitKRS7bd9EVzPr,19,349.94736842105266,486154949759.5789,166926.8947368421,85563920.20284364,9.85803177836919e-10,246585328693815.3,377886471200711.0,234256062259124.56,18901700.36842105,15430751.858708054,17956615.35,2013-10-20 15:11:28+00:00,2013-06-05 03:38:35+00:00,7.198268136406185e-10,4951.0
1QAwX5iZFmXt53ovKYjoMwDupYriJgETMC,13,1843.2307692307693,428254861412.7692,919425.7692307692,7045458609569.574,8.629334163264249e-09,1061352572598630.2,1097354328633543.8,985541674555871.0,9885817.076923076,5916384.6133584045,9179687.285714285,2018-12-09 20:14:15+00:00,2018-10-15 20:09:10+00:00,4.304051011003444e-09,140761.0
1QEg4nd7UyRaFuQ9e8pqEqJAbNDsE11FAg,35,786.8,941500742108.9143,460898.28571428574,59401565994.91109,1.2602061621890173e-09,995279793162744.5,1685706276831470.2,967633132241557.1,13467353.628571428,8318235.921620556,13093260.472222222,2016-02-14 19:56:35+00:00,2015-01-26 19:57:46+00:00,8.356870736369337e-10,151794.0
1QEiAhdHdMhBgVbDM7zUXWGkNhgEEJ6uLd,61,1815.4590163934427,1170367630388.0327,1321515.1803278688,22277595508376.81,6.39382169194015e-09,2336828685760763.0,3190454039243865.5,2299137900506557.0,52975796.86885246,46456178.21680293,52121348.53225806,2021-11-04 08:32:58+00:00,2021-03-28 19:56:55+00:00,1.551186968313137e-09,1343428.0
1QHZohmAdip28TM7U6KsyRXUrbvRvadtZB,20,424.7,675609431069.25,254628.15,68525387.2413998,8.622387973552521e-10,429851718119568.44,578153545009500.5,409382588685303.3,12596414.95,9555507.991905337,11996585.666666666,2013-11-08 07:58:15+00:00,2013-08-05 00:15:12+00:00,6.286176309407797e-10,18878.0
1QHx8CdMfh8RxUt5Ckbam7hmCQ8U3gjehN,14,557.3571428571429,686072275796.5,371256.4285714286,40300030327.8914,1.1684090262925156e-09,495889916024836.0,667682144831592.6,462830588289846.94,7800775.285714285,6827414.131048326,7280723.6,2014-12-02 07:30:09+00:00,2014-12-01 09:22:25+00:00,8.123883773179371e-10,3922.0
1QJ4QC6aXAMK6qc6jRfXudTusTynA82nay,23,1237.5217391304348,1466120900103.0435,659006.2608695652,96993798539.22916,1.2174685661910183e-09,2273311282371889.0,2493719918964857.0,2178589978939727.0,22103438.086956523,13925649.449795661,21182461.5,2016-01-20 09:53:55+00:00,2015-12-19 14:47:59+00:00,8.440789153496536e-10,696974.0
1QLHVd6e965XoLdWPLFQKhYKs3togqeUWc,57,447.2280701754386,327325974410.7719,280850.7543859649,4672645334.944706,2.421930990689829e-09,233222745722470.6,374380453681461.0,229201663899669.38,8738170.315789474,6919074.49988609,8587512.206896551,2014-07-04 03:48:12+00:00,2013-12-25 23:54:12+00:00,1.366307916689183e-09,86495.0
1RtUKxMRGBrz7Qt3YPZJb988PddKCNEFk,544,1293.1121323529412,627357050185.3916,742287.3658088235,5304504429044.699,3.245670763075211e-09,1087824497228990.6,1386737682649704.2,1085828488977194.2,15409473.170955881,17415477.194764294,15381198.908256881,2018-11-09 03:12:24+00:00,2018-03-14 07:22:16+00:00,2.06120602609122e-09,479457.0
1Sap54JAn5M76Gc7FJgkyVLtroWJpwSs9,24,210.08333333333334,645295023936.5834,102908.58333333333,8743674.550632736,5.53987389244323e-10,202997040487656.75,393499197375555.5,194877158868150.47,16653343.958333334,14630019.989874823,15987210.2,2013-08-25 12:19:45+00:00,2012-10-21 02:22:10+00:00,3.2556168192919364e-10,399190.0
1Sjj2cPC3rTWcSTEYDeu2f3BavLosog4T,233,1976.3776824034335,1547800571966.6438,984416.5965665237,1324974990756.4436,2.567229540571043e-09,3366038036434750.0,3011612389941834.5,3351653258501268.0,209826715.76824033,187107992.4150951,208930020.4017094,2018-01-31 06:36:59+00:00,2017-07-31 03:26:11+00:00,1.2768942706179758e-09,48755.0
1Te2mYsjyLVemxd3it17G8RPY6E367HcD,137,622.3284671532847,721491185603.9417,313797.4598540146,52649692823.42488,1.2000721969966088e-09,696950971229603.0,1043508667084497.8,691900601872866.8,10629696.02919708,9065300.543253882,10552669.246376812,2016-02-22 20:44:56+00:00,2015-03-16 22:10:14+00:00,8.625586556990985e-10,674099.0
1TqmiWzmyYsn1tqDeiCWM4xDi1R4ZCjaZ,13,565.4615384615385,1291459841705.7693,339354.46153846156,43971662056.089584,9.091641754185129e-10,1562033456714908.2,2958386253579804.0,1450459638378129.2,10689192.307692308,14434474.306779763,9925678.57142857,2015-01-16 05:12:12+00:00,2015-01-15 08:31:06+00:00,4.3784678408170466e-10,23815.0
1XGnaRo8vZENc8m3ADbXyrK6WuzjdTyoh,54,239.33333333333334,1129392394791.0925,105803.94444444444,1952556.0674784046,4.1437651285592077e-10,375461938558188.0,494065416501652.0,368635357857130.06,15314450.75925926,13721430.317114955,15036006.2,2012-08-09 04:47:37+00:00,2012-07-16 19:52:07+00:00,2.1191335663067186e-10,40011.0
1Ygb94fLxn3ko4MZHWn1yHSVUm65BBtGw,71,529.3380281690141,425883555689.94366,342964.22535211267,2980137265.550049,1.8501159376693226e-09,348188430688153.8,592962796663859.9,343352480261929.44,11028596.971830986,8568284.99690195,10875422.013888888,2014-04-02 12:42:46+00:00,2014-01-06 13:52:32+00:00,1.2429172742100155e-09,199521.0
1ZULUPooLEQfkrTgynLV4uHyMgQYx71ip,10,2458.4,1868034037918.1,1341344.6,24268313311313.83,2.823458164177603e-09,5143519200596362.0,7530804531271196.0,4675926545996692.0,70052592.6,42277922.843424104,63684175.09090909,2023-01-31 18:54:05+00:00,2021-01-03 19:32:11+00:00,1.3160359769139192e-09,2268854.0
1aDuWEq2UC4aZtGWoFbYDapnwTSFhqv1u,100,326.62,529457762062.0,158131.42,1014654072.2372135,9.939114022197205e-10,235200408944586.72,358599956482701.9,232871692024343.28,6994328.7,5325808.211989364,6925077.9207920795,2013-12-28 07:18:00+00:00,2013-12-13 13:38:31+00:00,6.16895290623301e-10,126384.0
1bHhtejFVfbQUU8bgX2YJKvT2R9pXK9Ej,12,303.5833333333333,472284554748.0,138766.0,416253665.9847843,1.5455615179429682e-09,392775073103143.75,826374985421554.8,362561605941363.44,10352625.333333334,14102600.434887005,9556269.538461538,2013-12-07 18:46:37+00:00,2013-10-05 12:01:28+00:00,6.427975047698061e-10,93825.0
1f62JVJAEE3SYVkt3Wua4PeG23m9qqnbN,78,686.9102564102565,745333941431.8462,385301.9743589744,55440772205.76351,1.3268974101083535e-09,719605044807963.0,886194084453142.4,710496120190140.6,25532928.089743588,121252721.47321704,25209726.46835443,2016-04-04 16:50:05+00:00,2014-12-23 16:08:59+00:00,9.216140822604253e-10,23540.0
1i8HPL4wv6hA5HTb2PQ9tmXgQ4t4Rf5ha,23,27.0,2049266168915.8696,13848.304347826086,1530917.543848214,4.198558531599874e-10,499856289060098.06,2383583183612480.0,479028943682594.0,6683794.478260869,19944628.250130486,6405303.041666667,2012-08-15 17:26:19+00:00,2011-11-14 00:15:28+00:00,1.3175448074802262e-11,308125.0
1iP4ZL65gaSVDqg7VVDJniopX2cDcRKHi,25,2142.68,2301611772860.64,993369.04,1396305030220.1409,1.4549396628821172e-09,5342547598457494.0,5699462329102596.0,5137064998516821.0,204665773.08,115645024.77822094,196794012.57692307,2017-11-29 07:42:28+00:00,2017-11-03 20:50:13+00:00,9.309476190838621e-10,88025.0
1jLVpwtNMfXWaHY4eiLDmGuBxokYLgv1X,390,1716.823076923077,1234313652453.8896,925153.0897435897,1576129822010.946,2.458888622222244e-09,2542543259466476.5,2579306898803064.0,2536040591283698.0,157989330.06923077,147025582.5378859,157585265.28644502,2018-11-03 14:01:27+00:00,2017-07-30 20:27:25+00:00,1.3909131390630976e-09,1177271.0
1jm1sTk3Sa5NMdXrw37QS9yp6CADw4p2u,10,159.2,233038448112.5,68750.0,94385113.36447029,8.180828500269632e-10,62838772962507.4,92456168207572.03,57126157238643.09,7002169.2,6990015.909388759,6365608.363636363,2013-11-03 02:14:15+00:00,2013-07-05 12:57:44+00:00,6.831490738521641e-10,29317.0
1nQs4N1pMpWb9YN3AVmJBCXysASzKGxtm,16,225.9375,3484581440703.8125,102920.1875,2538878.320233073,5.855150679830425e-10,1151249756016052.8,2686577466373359.5,1083529182132755.5,26497291.1875,26296015.122347087,24938627.0,2013-04-03 07:14:53+00:00,2012-04-11 17:45:51+00:00,6.483920776274506e-11,5457.0
1p9iBRrpEHtBftQvgFxPd3FyPDYuZ9eks,11,266.90909090909093,439960396750.7273,131568.36363636365,109986719.95090957,7.283863860481369e-10,175259657265916.2,204426708218089.2,160654685827089.84,14332004.909090908,12614643.024850583,13137671.166666666,2013-10-30 06:28:20+00:00,2013-06-26 13:58:37+00:00,6.066661746837097e-10,3139.0
1qtKetXKgqa7j1KrB19HbvfRiNUncmakk,24,578.7916666666666,398893073061.1667,348638.25,37507600397.66729,1.7325314958587197e-09,322980482497647.2,603444081917468.6,310061263197741.3,9022667.75,7685194.441847413,8661761.04,2015-06-22 15:58:30+00:00,2014-07-10 18:47:57+00:00,1.4509945289972837e-09,467194.0
1rVJUbSbkzoszQeM1P7ZjqF9M63Tz8UAR,18,466.1111111111111,1435485423566.0557,243419.61111111112,512207503.9469335,6.43938129975222e-10,1487770117692716.5,3663434275274774.0,1409466427287836.8,16110338.0,17508541.16762201,15262425.47368421,2013-12-19 17:30:39+00:00,2013-10-17 19:09:00+00:00,3.247062655315513e-10,96680.0
1s2mUUUUGHzBsEy9p8CEUW82impM3fnav,10,2366.4,1346860079951.8,1079904.8,1931136454487.7163,2.1679337049358023e-09,3358773303659569.0,1779305923725089.8,3053430276054154.0,442634940.0,105156779.96280047,402395400.0,2018-01-05 06:53:07+00:00,2018-01-04 06:50:29+00:00,1.7569753794207682e-09,22974.0
1swrtyBsp9odruX65upeyubAVSAyggh78,237,421.0253164556962,371007474561.1477,274518.18143459916,14860988324.19965,1.957558260043104e-09,265072091718147.44,534078393871083.06,263958343433617.4,7732019.700421941,7430851.388366139,7699532.222689075,2015-01-14 00:22:27+00:00,2014-02-01 13:14:21+00:00,1.13481626469578e-09,14436.0
1wnqybocdh9U2Zxmeq9JEjpnFCUJbeHbH,24,255.875,442021931054.875,139854.45833333334,157248793.44591352,9.965017036188936e-10,247504578898132.47,579081404103022.0,237604395742207.16,12238393.208333334,11860189.367054574,11748857.48,2013-10-08 01:34:28+00:00,2013-09-30 15:15:43+00:00,5.788739924948074e-10,133120.0
1xCbqUXgg13ToDo4LsXJtReZzsPsAiqPS,22,813.9090909090909,1072897399732.409,421570.7727272727,43726317677.78116,7.882463071639707e-10,1301563872445712.5,1591501078012077.8,1244974138861116.2,11448534.227272727,8672782.720463336,10950771.869565217,2015-01-27 16:56:57+00:00,2015-01-14 15:48:14+00:00,7.586085035829965e-10,94111.0
3279PyBGjZTnu1GNSXamReTj98kiYgZdtW,277,2238.548736462094,1380776378833.4983,1322244.4584837544,20706196974533.414,7.26928147962695e-09,3316839310192802.0,3598784430489992.5,3304908233537432.5,85078459.27075812,42401460.14134365,84772421.64748201,2021-03-01 01:41:27+00:00,2021-01-02 18:06:22+00:00,1.6212246753187184e-09,1247330.0
32AiiExkMB4ta2mCHTrbEESNnUJpZv8X3J,182,2652.5714285714284,582703085159.9176,1588045.054945055,46008979832014.25,2.1791603005520057e-08,1602707522191414.5,1763931813880198.8,1593949557589275.8,19287565.95054945,17902710.01896928,19182169.415300548,2023-08-13 02:07:44+00:00,2022-10-20 17:24:15+00:00,4.552183601093264e-09,172004.0
32LA7cmsj35LH7cK1MjvwyoLEmYpuWAD9k,13,2085.230769230769,1101124957204.5386,995601.6923076923,8052854094417.501,3.779555275910165e-09,2979879309038338.0,3344061004490359.5,2767030786964171.0,19153891.076923076,15905901.877032772,17785756.0,2020-04-16 03:53:59+00:00,2018-09-12 16:38:15+00:00,1.8937276424327097e-09,1127429.0
32P5KVSbZYAkVmSHxDd2oBXaSk372rbV7L,46,1818.2826086956522,4578015346899.587,1113619.2826086956,28918324021360.945,2.1066531787382307e-09,1.117951803757913e+16,1.789647077280742e+16,1.094165595167319e+16,8455388.260869564,7098912.474863693,8275486.382978723,2022-05-26 18:18:13+00:00,2022-04-01 00:03:24+00:00,3.9717704527291835e-10,660020.0
32p7WS5Yr8phj2AKdf8QGpDZvQutf3zR3D,53,2111.3584905660377,1272664157065.849,1260770.6981132075,18658184037816.55,1.0585063607441559e-08,2971954890875866.0,4386613065407049.5,2916918689192979.5,68020940.11320755,42620013.17051072,66761293.074074075,2020-12-29 09:16:55+00:00,2020-12-14 08:09:05+00:00,1.6590067999037657e-09,39633.0
334LoFzzwiSmJe6JShQRUL8hzx6hdJwRV4,18,2065.8888888888887,1483389700239.2778,1217004.5555555555,17766968731579.133,3.852348184237279e-09,3221643355015679.0,2757063885907168.5,3052083178435906.5,60765241.94444445,39457638.785901755,57567071.315789476,2020-12-02 13:56:02+00:00,2020-11-13 21:22:35+00:00,1.392681160288258e-09,68318.0
336hiLtcyFzdpQfVz5tAQSLUkvKmzwoTvs,71,690.2112676056338,316046927033.3521,358578.1971830986,6714472071184.495,3.132985045034542e-09,503078945218262.94,1048909517706190.6,496091737645787.06,9901584.90140845,13671995.933996463,9764062.888888888,2018-09-08 10:16:50+00:00,2018-08-22 08:12:52+00:00,2.1838885575773896e-09,143116.0
33SAB6pzbhEGPbfY6NVgRDV7jVfspZ3A3Z,158,1875.9050632911392,2881178194956.3354,1221837.594936709,23406664818074.66,3.1802126157193575e-09,7040110641178389.0,1.2808617258138492e+16,6995833215762173.0,13550732.67721519,14645337.331192732,13465507.943396226,2022-06-29 05:03:00+00:00,2021-06-19 08:23:42+00:00,6.510895669608415e-10,1518588.0
33TbzA5AMiTKUCmeVEdsnTj3GiVXuavCAH,710,2414.638028169014,622568297056.1028,1578648.5225352112,44343206655904.31,1.6845046709716298e-08,1694424974330849.0,2451110504996345.5,1692041816842338.8,21808738.15633803,35818769.83019387,21778064.82559775,2023-10-06 04:17:23+00:00,2022-11-03 04:53:07+00:00,3.878511063905682e-09,32113.0
347a2vGV9r4RyrKoBiVnCLnBN4rDYDWUyy,22,2280.590909090909,876887133554.0,1265041.4090909092,7621891489049.737,3.6825230375341197e-09,2111469031504777.5,1671146206383846.8,2019666030135004.5,71264013.45454545,40543128.007373795,68165578.08695652,2019-07-15 13:03:48+00:00,2018-10-13 20:49:11+00:00,2.6007804446254506e-09,1470331.0
34Jpa4Eu3ApoPVUKNTN2WeuXVVq1jzxgPi,1477,2178.8219363574813,1109478478905.6582,1250767.5809072445,17098649643350.807,5.762675779181436e-09,2679523651681463.5,3861536108901132.5,2677710712810231.0,66661398.36560596,55760234.09929426,66616295.93098782,2020-12-28 18:35:18+00:00,2020-04-24 13:47:42+00:00,1.9638253267486337e-09,1090778.0
34qkc2iac6RsyxZVfyE2S5U5WcRsbg2dpK,864,2259.6886574074074,1549491061056.052,1058970.525462963,1629274893714.233,2.341258061357438e-09,3683602912798760.5,3075121719431408.0,3679344412321536.5,370692037.3738426,247110492.97049004,370263491.66589594,2017-12-30 01:58:16+00:00,2017-11-28 08:34:49+00:00,1.4583424933521861e-09,1064318.0
35RtBrgeMj5NKQZUg2mAanrHQmnbaedoDV,70,2284.2571428571428,1309983559007.6,1215739.8285714285,17827145515719.027,6.323737478851181e-09,3205270218292489.0,3344881124073410.0,3160125567330623.0,56849052.114285715,35574311.7238207,56048361.23943662,2020-12-04 06:57:53+00:00,2020-11-13 13:24:51+00:00,1.7437296271012896e-09,2734.0
35iYRe6venH3LEUvnqsZ5F5bmBPgpe2TVr,135,2204.17037037037,1266942995631.474,1125240.711111111,8624379378006.455,3.8480959143951305e-09,3052180441499380.5,3410825899137065.5,3029737938253061.5,54525084.733333334,42342608.32440222,54124164.99264706,2019-08-08 01:01:24+00:00,2019-06-21 10:01:49+00:00,1.7397549676430075e-09,503540.0
35qGBQsRQb8CSUzcSWktMykeA6zm5iCEJJ,187,1723.7860962566845,564198554996.155,951588.1122994652,7292411852080.441,3.8672280311254895e-09,1214523637643043.5,1161154122895094.5,1208063405527921.0,13267460.759358289,12147708.568771265,13196889.159574468,2018-10-19 11:55:11+00:00,2018-09-14 22:17:16+00:00,3.055282720935774e-09,229864.0
35y82tEPDa2wm6tzkEacMG8GPPW7zbMj83,339,1660.2536873156341,1257042086968.9854,1165379.598820059,17878380852558.27,4.226903581500512e-09,2540262685819002.0,3527393704634104.5,2532791324978358.0,36461547.651917405,46542067.018747404,36354307.80588235,2021-09-06 14:56:06+00:00,2021-04-21 16:25:17+00:00,1.3207622119629135e-09,4635011.0
36FCGAcCarkKWSwEekS7ZcFxBPddwmBtJr,117,1899.017094017094,1476445688730.453,966521.5982905983,428954034950.27905,2.0772703893299685e-09,3197935176934836.0,3910771237087928.5,3170834031367591.5,117279830.97435898,63625700.683088146,116285934.10169491,2017-03-29 17:24:13+00:00,2017-01-21 19:18:29+00:00,1.2862085673127579e-09,3337698.0
36JMs8rogpizjkkp6eeKMmm3SLbSNo5H9V,44,1489.25,666241107390.5,903338.75,5536110520830.365,3.259026756000071e-09,1262989844611367.0,1292447008963213.5,1234923403620003.2,23414982.5,26005185.122676674,22894649.555555556,2018-09-22 13:36:03+00:00,2018-06-06 23:50:42+00:00,2.235301880175212e-09,31663.0
36aC6xMXYaRdL1nobKfqYVCjKhZVXWN8RX,105,2288.1047619047617,1321545492818.9238,1108535.0857142857,8742390267034.597,3.833537836384614e-09,3328491937090334.5,3852212535566736.5,3297091069759293.5,46248548.895238094,37430103.62170584,45812241.83018868,2019-08-12 11:44:39+00:00,2019-06-24 15:20:44+00:00,1.7313855439241202e-09,181610.0
36cWgjEtxQSFgbHTJDw5AB96ZX7fJk1URd,1067,2072.9934395501405,1166453234396.3516,1442692.8284910966,37983284921879.66,6.920620772387854e-09,3035657748009871.0,6498969463193348.0,3032815371841322.0,20879672.76194939,40408133.59875672,20860122.506554306,2023-10-02 01:30:45+00:00,2022-07-25 22:59:54+00:00,1.7771766397672431e-09,1420246.0
36n452uGq1x4mK7bfyZR8wgE47AnBb2pzi,913,1757.7962760131434,668509310855.0504,961304.547645126,6903618891847.897,3.904483455914482e-09,1489571686071893.8,1671060146180766.8,1487941957750152.0,15720332.383351589,15318648.340820814,15703132.894967178,2018-11-27 00:55:44+00:00,2018-07-04 19:51:28+00:00,2.6294267670929684e-09,5324.0
38GcXaKUsQqHq4dK3qUagzVzQ69As34RwF,11,1519.8181818181818,566490022576.091,943852.0,6899562645580.5625,4.763824883450275e-09,1319191811236145.0,1890127195308534.0,1209259160299799.8,13933168.272727273,20031150.618978467,12772070.916666666,2018-12-20 06:21:52+00:00,2018-10-17 02:59:55+00:00,2.6828684023539705e-09,70498.0
38WJFZccL9YDMoppsMw2m7TC6Pjxr8x7JD,62,2205.516129032258,787589027002.4193,995417.5,12100891195637.62,6.400979940783006e-09,1995383508454529.2,3669827559070147.0,1963710754352076.5,16709679.838709677,10985784.220614001,16444446.825396825,2019-10-07 21:27:38+00:00,2019-09-15 07:29:29+00:00,2.8003388231886617e-09,2300584.0
38XnPvu9PmonFU9WouPXUjYbW91wa5MerL,15630,2338.079654510557,1274104988655.3145,1491415.0100447857,41190935368946.11,1.5480183282359957e-08,3273462278382481.0,7261829938132356.0,3273252857214393.0,20604268.592194498,36127171.76041899,20602950.42518073,2023-10-06 13:37:00+00:00,2022-03-28 08:19:13+00:00,1.8350761321311183e-09,2805.0
38u1srayb1oybVB43UWKBJsrwJbdHGtPx2,297,2151.343434343434,804295420046.6733,1139396.558922559,15402177657612.65,6.1137156585614464e-09,2021047834689251.5,3199198235155076.0,2014265794975529.2,38446987.69023569,39105181.626117855,38317970.95302013,2020-09-27 21:59:43+00:00,2019-09-23 06:54:34+00:00,2.6748174622436512e-09,4476757.0
39LN9py33ZoMbMscJWGEy2YD8Gbrct55Mm,16,1863.0,1583678238877.125,1219770.5625,17788239690580.094,5.159295391859149e-09,3379486839491928.5,3837027199421870.0,3180693495992403.5,55152631.75,38214520.85223081,51908359.294117644,2020-12-01 18:57:24+00:00,2020-11-15 06:02:59+00:00,1.1763753231344029e-09,1601880.0
39PVJ1sEVmFHJXjEG1D8kQa4Mk7f7jeMvA,361,2086.759002770083,762861104497.2909,1181521.8781163434,15443916465682.95,5.491564361212966e-09,1802932896862588.0,3203855872680955.5,1797952419246945.5,54909756.05263158,52152082.920597024,54758071.64364641,2020-06-03 19:05:05+00:00,2020-02-29 07:14:17+00:00,2.7354376707214777e-09,1702689.0
39bitUyBcUu3y3hRTtYprKbTp712t4ZWqK,292,2699.6472602739727,615597873620.654,1812780.3630136987,46852946093245.09,1.5362644359943672e-08,1833282245266775.5,2038094939254612.0,1827025309276103.8,46956027.1130137,84288784.46371293,46795767.63481229,2023-06-07 19:29:59+00:00,2023-02-23 07:28:33+00:00,4.385407058663038e-09,2603284.0
39btukokT8wxsjezTvrsgHtZfvwTGoaRvn,21,1975.6666666666667,1211546679153.762,1190615.619047619,18004091561533.027,5.928040809650132e-09,2920680562186170.5,3738009128628180.5,2787922354814072.0,48364833.14285714,37225992.43040456,46166431.63636363,2020-12-02 17:29:37+00:00,2020-11-16 05:42:05+00:00,1.6306979340215148e-09,12815.0
39m5Wvn9ZqyhYmCYpsyHuGMt5YYw4Vmh1Z,1002,2112.743512974052,641815966294.4761,1026155.9201596807,13836007181192.283,6.094055943040257e-09,1657860495710935.0,2616204920147058.5,1656207593920595.2,18683663.249500997,17058754.045984607,18665035.469591226,2020-04-03 02:43:30+00:00,2019-08-27 19:21:54+00:00,3.29182136925009e-09,390097.0
39pLhpmYEhYaz6MrxvBVndTEK1x45MAsdN,285,1957.4736842105262,768677503329.5964,969954.2561403508,6333229286161.178,4.893093692389237e-09,1864296826912745.8,2078651581727345.0,1857778306538925.0,23345144.315789472,27160595.74107239,23263517.937062938,2019-06-28 12:38:17+00:00,2018-07-26 05:27:15+00:00,2.5465473826559917e-09,15119.0
39qbJCDDwycTTkvmHE3qbtta7PhhjrLKTD,33,2009.5454545454545,1000010174786.7576,1275610.3636363635,19841619179475.473,6.8110341956515495e-09,2032390624589513.2,1970840748259247.0,1972614429748645.2,65616859.45454545,40392248.31313906,63686951.823529415,2021-02-06 22:17:48+00:00,2020-12-19 14:54:54+00:00,2.0095250080570136e-09,566786.0
3A2dwyVPbZc41vvmJVYxYsrkvNKnz2B4wN,146,2372.945205479452,964267666851.6506,1086979.589041096,6183436479439.07,5.497342983880225e-09,2419228027305979.0,2735031663668256.5,2402770693786891.0,33023901.73287671,31393237.57710313,32799249.340136055,2019-05-06 22:09:37+00:00,2019-01-26 21:19:04+00:00,2.460878122386034e-09,44702.0
3AEE5xhwQYS4VVDHW3RBJuaSbt24qFRcCy,78,1742.2179487179487,520802282091.1795,1227062.4487179487,36201116459610.29,4.873861587321607e-09,1197379722962599.5,1439304561636184.5,1182223017608642.5,9868076.397435898,9866965.081053026,9743164.037974684,2023-02-06 04:57:27+00:00,2022-11-30 14:14:37+00:00,3.3452579004116765e-09,468202.0
3BidxLnZUwkgrnKAdWN4freEzBTn2ganx8,21,1885.5238095238096,2085383461730.1904,875158.7142857143,1050310261010.4552,1.9538545783817046e-09,4027816767534465.0,3159386098973285.0,3844734187191989.0,163613304.7142857,144393735.6661361,156176336.3181818,2017-12-30 20:30:31+00:00,2017-09-01 15:54:12+00:00,9.041616777565876e-10,66735.0
3Bmb9Jig8A5kHdDSxvDZ6eryj3AXd3swuJ,482,2162.244813278008,927714945430.3195,1059129.6514522822,13289980188393.238,6.3037952416041695e-09,2406175524972417.0,5866517450965984.0,2401193795107049.5,29344651.064315353,33468627.960155405,29283896.093167704,2020-08-07 02:27:06+00:00,2019-08-15 14:58:16+00:00,2.33072111636086e-09,154162.0
3C9sAKXrBVpJVe3b738yik4LPHpPmceBgd,371,2286.5687331536387,794813635433.9246,1514856.5983827494,41342116062713.07,1.041781744963954e-08,2022505794753346.0,3183468549434711.0,2017068951219062.8,16711476.080862533,15541065.919395022,16666552.758064516,2023-10-05 09:51:21+00:00,2022-04-24 18:35:13+00:00,2.8768614820067827e-09,8755.0
3CLigLYNkrtoNgNcUwTaKoUSHCwr9W851W,32,1783.3125,1205137485397.8125,1399341.9375,21217556630620.113,4.555208669844977e-09,2531226561175907.5,3335572264223776.0,2454522725988759.0,61176705.65625,62744516.60704317,59322866.09090909,2021-07-06 12:30:29+00:00,2021-04-21 18:00:21+00:00,1.4797585517069313e-09,823494.0
3Cy7rpWHSzEJ42XRjUkACUdWE3KHiu3puP,19,1717.3684210526317,700783005274.1578,964878.8947368421,6620517495129.723,4.678731867281036e-09,1384819658041926.2,1664648894201744.5,1315578675139830.0,20817415.52631579,14842640.499354005,19776544.75,2018-09-06 18:31:34+00:00,2018-08-19 13:05:48+00:00,2.4506422218112564e-09,989619.0
3D72db1KMCnj7FL7MBsmxTw81z2bVu4UN5,220,1708.1727272727273,1579604544351.691,1152703.9681818183,17120185764650.97,3.990850941058282e-09,3282432707820654.5,4912401215867238.0,3267580071133683.5,22132610.6,24533830.93329123,22032463.040723983,2021-09-10 04:21:40+00:00,2021-05-08 15:41:26+00:00,1.0813926393037847e-09,307534.0
3DPNFXGoe8QGiEXEApQ3QtHb8wM15VCQU3,3132,2090.92656449553,912131864102.9729,1168097.4987228608,16365953308652.596,5.7979827617830624e-09,2177963349699780.2,3212525047464427.0,2177268181059595.0,39959486.7311622,40849473.34901326,39946732.34663262,2022-01-23 09:10:23+00:00,2019-08-28 08:59:29+00:00,2.2923511904189765e-09,436301.0
3DRqFYMG2dFpVb8uTpCu8WoBhRBQ2FCphb,327,2095.6207951070337,716293999971.9908,1098842.1804281345,15045663925259.877,6.060047469205716e-09,1841106083372251.5,3764993140355681.0,1835492955069287.5,31570421.100917432,38475988.91028719,31474169.81707317,2020-06-07 09:57:35+00:00,2019-11-17 19:43:35+00:00,2.9256433743532383e-09,271791.0
3DXUTxxxvWPVGRa3FGiaKrZzXt1NSHv4Th,31,2145.8387096774195,1322932099569.2903,1180148.677419355,6901258267460.381,5.9406759950487816e-09,3212818575364848.5,9591654104716142.0,3112417994884697.0,76495379.58064516,50857398.02863937,74104898.96875,2019-06-28 08:26:18+00:00,2019-05-01 05:51:35+00:00,1.622032385771004e-09,482450.0
3DXfeMBimuvN3TWnQXDhr47P8M8yxMy9Pd,178,2072.9775280898875,711531864428.0562,1085079.4831460675,7076485182505.548,4.402506911483774e-09,1775801932384431.0,1618224213761536.0,1765881251197926.0,18817079.57303371,17547337.903351065,18711956.223463688,2018-11-26 23:27:00+00:00,2018-10-19 17:54:01+00:00,2.913400835191252e-09,122309.0
3E41eGyD4FKSwzvq8dZ3Zy2enXSo91qE6B,46,2007.0869565217392,1430834921132.1956,1050711.7391304348,1873105475221.611,2.293947404645447e-09,3378934844357301.0,3116888934142519.5,3307042613626294.5,472017553.6304348,216249941.33373654,461974626.9574468,2017-12-31 08:46:43+00:00,2017-12-30 02:56:58+00:00,1.4027383081575652e-09,44172.0
3EFdpy14AqDsbQy3XGYyoGDrLYrbB8XWSs,48,2232.2916666666665,717602957390.1666,1018728.6666666666,9985348008059.557,5.417278573545365e-09,1839539558708871.8,1681579029778224.5,1801997935061751.8,33345974.354166668,24664814.02786976,32665444.265306123,2019-08-14 04:36:25+00:00,2019-08-10 14:25:49+00:00,3.110761520249632e-09,21302.0
3EhLZarJUNSfV6TWMZY1Nh5mi3FMsdHa5U,1778,1875.437570303712,1655387943699.9832,963026.8993250844,1177447919726.0005,2.1586667478181996e-09,3515423528384557.0,3691880099495561.5,3513447461196032.5,164651429.62260967,134272641.73749742,164558876.82349634,2017-11-28 07:15:23+00:00,2017-08-25 18:25:21+00:00,1.1329293398814374e-09,876422.0
3EqT5PqCxCdupWEpQ6TNMWTZSVbuLxua6j,304,1126.891447368421,685050793861.1578,601875.322368421,6825040424645.966,2.096941244733109e-09,1152590023657013.2,1663161851927714.0,1148811039972892.0,13563497.381578946,13247194.218113415,13519026.898360657,2018-12-19 10:46:54+00:00,2018-08-03 04:11:42+00:00,1.6449750258910188e-09,56315.0
3F11i37vuA8xAbx9YVPRwZ8hFpweowifmF,56,1696.642857142857,1034720408626.3928,934231.8035714285,6275715907704.245,2.2721981454204385e-09,2106722062547643.2,2221646806416276.5,2069762026362596.8,28233853.05357143,18361664.516863838,27738522.298245613,2018-12-10 02:11:18+00:00,2018-11-20 15:08:24+00:00,1.6397114070603637e-09,21423.0
3F9VZy8bnN7c8SyCsJVjMAdcn3stt1AaEc,79,2135.6202531645567,1214103119659.9368,1263243.8607594937,17698495963798.574,5.59807335304785e-09,2757414893624430.0,3238502268907691.5,2722947207454125.0,55777576.01265823,34018936.00936708,55080356.3125,2020-12-03 12:12:42+00:00,2020-11-13 08:00:21+00:00,1.7590105968616008e-09,67385.0
3FZsNnE2PJfhaAeRRtsNijm9WpCv4xvkkz,638,2224.689655172414,1366589568715.989,1309371.8855799374,19794089017765.14,5.317936863641087e-09,3305640203295612.5,3589615640123025.5,3300467057437560.0,80446186.89498432,39165480.317720026,80320293.01877934,2021-02-07 12:07:56+00:00,2020-12-16 04:26:29+00:00,1.6279135346120582e-09,18217.0
3GRKUVRe91ariqquFWTsAhxA9D21S9aRat,223,2763.0582959641256,539521506842.3408,1863759.533632287,47338947106247.14,1.6563418524444835e-08,1538323871471953.0,1582879680020549.0,1531456354188596.0,39558740.77130045,77395948.8371043,39382139.25,2023-08-11 02:21:00+00:00,2023-02-07 22:09:08+00:00,5.121312609270176e-09,483537.0
3GU9DTPj9YVtQwz3KihPhByesDqP1Ywpuc,175,2198.285714285714,928714900617.36,1146472.2285714287,15191820237433.678,6.191039413378396e-09,2495671005167745.5,7782413088032711.0,2481491056274747.0,34355468.617142856,33466592.945959367,34160267.09090909,2020-08-05 07:37:44+00:00,2019-11-05 20:23:03+00:00,2.367018891184379e-09,1402228.0
3GbAEvhB6XUYG79SfCamYPVzhJpchzq3ZY,88,2385.181818181818,1032439652394.9204,1100262.9545454546,6371896587199.764,5.966480138393818e-09,2665822266255874.0,4296042864405650.5,2635869207084460.0,54425541.42045455,50947563.99420824,53814018.483146064,2019-06-22 18:25:28+00:00,2019-01-28 13:51:20+00:00,2.310238484785993e-09,1437021.0
3Gey7cvQNtmbBM2MjAYbBfQXfyGqEY8iat,22,2123.0,1437616913831.5908,986216.1363636364,10362130891806.652,6.230643813963455e-09,3561824786857485.0,1.0522000584644164e+16,3406962839602812.0,22431871.272727273,16572708.652320974,21456572.52173913,2019-09-11 06:24:34+00:00,2019-07-31 19:53:23+00:00,1.4767494591738633e-09,809301.0
3GvEGtnvgeBJ3p3EpdZhvUkxY4pDARkbjd,47,2028.063829787234,739438345358.2554,981947.7872340425,7018135164494.029,6.696626287716841e-09,1746790026313956.0,1878927857460135.2,1710398567432415.2,16073982.638297873,15700838.232728418,15739108.0,2018-12-05 03:05:49+00:00,2018-09-12 23:53:21+00:00,2.7427084928962456e-09,387137.0
3HqH1qGAqNWPpbrvyGjnRxNEjcUKD4e6ea,1759,2172.495736213758,698273772791.6594,1055554.549175668,13755601237011.146,6.288060207939811e-09,1813291830158840.8,4515270481379515.0,1812261550709886.8,19523757.39852189,17260962.75125397,19512664.354545455,2020-05-15 02:06:56+00:00,2019-09-05 14:33:19+00:00,3.1112377707217067e-09,448512.0
3JAvzKWgtxPzcbTqKeAT7qfwoZBjtVmkBU,143,1810.93006993007,636162314533.9651,930645.9230769231,5474440585555.612,4.972422659179628e-09,1556472074420269.2,1784907783872837.2,1545663240570128.5,12597605.202797202,11687200.559019217,12510121.833333334,2019-01-17 08:49:24+00:00,2018-12-08 15:30:57+00:00,2.8466478264383e-09,2428052.0
3JJfSJGBpTnaibi58ZPKxSL5xozQqLVSRA,130,771.7461538461539,711928815679.2,447309.24615384615,5259503213587.413,1.3884128275362187e-09,917500660442379.6,1596291995522318.2,910496838606941.5,21229640.5,30903092.47700614,21067582.17557252,2018-08-02 10:46:23+00:00,2018-06-16 13:18:27+00:00,1.0840215157043285e-09,134193.0
3JQSigWTCHyBLRD979JWgEtWP5YiiFwcQB,1328,2171.76656626506,982298826473.9767,1052194.2929216868,5928926882073.093,4.241585569317095e-09,2470081371099386.0,2583769077605901.0,2468222769616241.5,23081410.402861446,24266431.940412134,23064042.9006772,2019-04-12 03:26:38+00:00,2018-11-27 03:44:32+00:00,2.2109021284905253e-09,132063.0
3JhmANFUNJkBREYYfPPy8hdJ3cnrGvWKhY,15,960.8,1490264623506.4,690328.3333333334,160502737628.77866,1.6557858591732922e-09,2501499990372781.0,5355693737033896.0,2345156240974482.0,28384967.933333334,31871750.845712166,26610907.4375,2017-09-03 09:17:30+00:00,2015-07-11 07:24:31+00:00,6.447177131128308e-10,564566.0
3JwtF2xZm9YFJnkTdJVgZpaf8pG9aP4FMb,85,2020.0470588235294,1402111675338.2942,1292613.188235294,21711366698159.258,6.865653602305071e-09,3331289197367949.0,4033835716882329.5,3292553276468322.0,84936871.23529412,60173211.77919749,83949233.19767442,2021-06-04 18:21:38+00:00,2020-11-03 23:11:26+00:00,1.4407176649007954e-09,11675.0
3KF9nXowQ4asSGxRRzeiTpDjMuwM2nypAN,2298,2196.861183637946,935621790180.7133,1065789.043951262,9492428101457.037,5.22781269164463e-09,2381297115865092.5,5681561098677911.0,2380261318946491.0,35777750.12967798,38236581.0362179,35762187.8199217,2020-03-25 04:22:38+00:00,2018-12-19 18:54:03+00:00,2.3480226804183634e-09,954619.0
3KJrsjfg1dD6CrsTeHdHVH3KqMpvL2XWQn,243,1548.567901234568,654640870952.0206,872960.279835391,6069155039365.037,3.333400264150472e-09,1329119717434105.0,1459931709554440.2,1323672505477407.8,15265778.707818931,14363590.868978545,15203214.040983606,2018-09-14 11:23:24+00:00,2018-07-02 20:12:52+00:00,2.3655227926459e-09,394358.0
3KWcQ4Xe5Dc3R1UMWatf1knJY6Zu61MZKV,55,2114.0545454545454,1106308784519.018,1139053.8363636364,6250543425457.465,5.028662632768024e-09,2528541666348518.5,2323571313888200.5,2483389136592295.0,25694164.01818182,18525980.771908525,25235339.660714287,2018-12-08 05:08:14+00:00,2018-11-27 06:26:50+00:00,1.9109082157145285e-09,266545.0
3KZDwmJHB6QJ13QPXHaW7SS3yTESFPZoxb,429,2665.855477855478,1127403640042.4102,1538037.4265734265,44290485144870.375,2.2742035191593205e-08,3148838467061809.0,5287282435854805.0,3141515586905851.0,24325450.843822844,36986434.57485342,24268880.027906977,2023-10-05 03:58:25+00:00,2022-06-30 18:04:46+00:00,2.3645971887718895e-09,94895.0
3Kd2qAXwEoGfgChtDxF12THb7PyiTYFeJJ,35,2656.942857142857,750958313459.7142,1529836.6857142858,43958179625922.11,1.8410576803863654e-08,1702507221645297.5,1767145216748752.8,1655215354377372.8,21352186.85714286,28406976.67689591,20759070.555555556,2023-10-03 23:53:50+00:00,2022-05-08 04:51:17+00:00,3.538069703099959e-09,166985.0
3KfRwBSLzeGcZ76SHog2m9Kkhnb6N8dzSc,121,2080.528925619835,668164109138.3967,1024318.9173553719,13230554948121.658,7.816379916212132e-09,1638000681432358.5,2262916849519454.0,1624574446338650.8,19977397.3553719,16246600.670836044,19813648.19672131,2019-11-16 03:22:23+00:00,2019-10-08 07:08:31+00:00,3.1137992854819673e-09,101394.0
3L8Ck6bm3sve1vJGKo6Ht2k167YKSKi8TZ,6550,1989.3743511450382,1698464416747.2854,1390437.8859541984,36081998872884.51,6.207641731286626e-09,4304692084118939.0,9525537396789164.0,4304034979541910.0,14945241.748549618,24811440.091922075,14942960.380552588,2023-10-06 11:54:09+00:00,2022-04-21 07:09:39+00:00,1.1712782037287964e-09,1452.0
3LwoXDToPiq2rBaQzoe2ZnaUvhGykFp2LM,456,2965.561403508772,569008610802.147,1812289.6096491227,49717740521696.73,2.3808688935246262e-08,1723395610261645.8,2208911832071173.8,1719624503893458.2,36668325.05263158,67088698.80917426,36588088.01750547,2023-09-15 14:59:59+00:00,2023-02-09 13:57:53+00:00,5.211804087337341e-09,2897535.0
3MZN8U2f1ZvhaexQS14Q74P55j3BjNNiF7,409,2221.4767726161367,1098252233838.2935,1070858.8777506112,6085617497080.083,4.351824019918006e-09,2715235707949492.0,2828906674982994.5,2708613181832542.0,25894094.039119806,26871566.08813291,25830937.71219512,2019-04-12 09:50:08+00:00,2019-01-19 21:53:26+00:00,2.0227382236704166e-09,23010.0
3MbcFnPVegNX9iwQ9614ATm8WrYJQuNJQX,106,2201.603773584906,1168252550371.3396,1094506.3396226414,8949945022225.31,5.49732539181638e-09,3017603123395228.0,6452409786471795.0,2989401225045739.5,43713118.443396226,39433711.194229215,43304584.62616822,2019-08-27 03:22:36+00:00,2018-12-27 05:47:53+00:00,1.884527256443914e-09,607757.0
3N2JE5b9AbjkVcw11xwYNm6XnGMTfqU8Rc,14,1966.2857142857142,622378687337.0714,978485.4285714285,5961331541227.916,5.732071793129849e-09,1367856311636677.2,1299791080025885.5,1276665890860898.8,22950400.07142857,35233816.7481396,21420373.4,2019-04-10 14:45:35+00:00,2018-12-08 14:20:19+00:00,3.1593075956677193e-09,13822.0
3NA8hsjfdgVkmmVS9moHmkZsVCoLxUkvvv,2923,1840.844338008895,1697202172319.347,957053.3421142661,552731795207.7839,1.8032738347651086e-09,3550665924874622.5,3712183495630637.0,3549451606842859.5,152147498.34690386,184599773.66483018,152095464.31874144,2017-08-25 16:42:11+00:00,2016-09-05 11:24:55+00:00,1.0846346817322599e-09,146845.0
3NGcy8R16FSRM6CZ2PBBdNTrUzdbzWQxsk,242,2003.8181818181818,1317503010780.2107,1204144.5743801652,17818657879958.348,4.744191703762106e-09,3050081457402096.0,4042395361107831.5,3037529681857231.5,55040343.54132231,39021863.63722775,54813840.06995885,2020-12-04 06:12:19+00:00,2020-11-13 08:58:59+00:00,1.520921140538072e-09,64777.0
3NSAph9EavyiyrC29N9QWhZVJWZ5MpryxK,16,2140.125,515226368515.375,1136522.1875,12247450460353.629,6.283306178032607e-09,1281257256512917.0,1140623188627412.8,1205889182600392.5,20408451.125,16084997.452390382,19207954.0,2019-10-21 01:53:50+00:00,2019-09-06 04:22:44+00:00,4.153756738357105e-09,1139172.0
3P8sR3K8wAk3bom7tqpr5VrzCz9TVYNTQd,101,2188.3564356435645,684008679023.4851,1036331.7425742574,13790439421690.648,7.063496089101472e-09,1816121325072509.2,2083171338991072.0,1798316214042386.5,20130056.08910891,17814295.339253444,19932702.598039217,2020-04-18 11:40:57+00:00,2019-09-12 03:30:11+00:00,3.1993109192236262e-09,200818.0
3PaSDHtYjYKz8TgJtRDmGik5Hy1zskkVYs,93,2062.6451612903224,1200203334003.1829,1331517.9892473118,21653290659112.14,5.984495876776756e-09,2749658535692388.5,3304834899519551.5,2720406849142469.5,74210277.11827958,40745345.04579584,73420806.08510639,2021-06-04 15:07:03+00:00,2021-01-04 14:35:48+00:00,1.7185797629894374e-09,1389665.0
3PvxmYS4FX76xoKrThiJL882XfmyMnLqcn,14,2443.3571428571427,857187459118.7142,1082412.7142857143,9985348008059.557,3.829974391599036e-09,2223686901292152.5,1508331782809888.2,2075441107872675.8,46296323.0,25861176.6345995,43209901.46666667,2019-08-13 22:41:23+00:00,2019-08-10 20:25:19+00:00,2.8504350091276308e-09,65356.0
3Q3bXykToSQagtqgazeDxxrWK4yrpA9jQX,183,2172.896174863388,1404293023891.2622,1313396.5519125683,19810896734736.15,4.194088275026695e-09,3181373001972765.5,2972168952748445.5,3164082931309870.0,79305641.1693989,37011558.1740242,78874632.25,2021-02-07 07:04:19+00:00,2020-12-16 17:40:25+00:00,1.5473239116736083e-09,19318.0
3QLeXx1J9Tp3TBnQyHrhVxne9KqkAS9JSR,1058,2153.5170132325143,779082847494.2401,1051824.2684310018,13256095083909.865,5.96607456084476e-09,1998785783870424.8,3548574143429588.5,1996898356312473.5,23128606.641776938,23399054.758094735,23106766.59773371,2020-03-29 14:21:53+00:00,2019-05-31 08:06:13+00:00,2.764169459203035e-09,381555.0
3QZ3LKzWwWbFb2QMKGzyRo1rZJNWTDnFrv,61,2113.0,1320982682140.3606,1327843.6065573771,19916533366535.55,5.5868304136022584e-09,2966798009965913.5,3235416513022585.0,2918946429160012.0,79934753.68852459,38016034.39390347,78645483.46774194,2021-02-14 15:12:37+00:00,2020-12-17 04:41:32+00:00,1.599566768412399e-09,385586.0
3Qac5VGZ3C2CpF7XsN3ykWsEuELFa3Nnwx,16,1783.875,1415686347850.1875,1371620.8125,18599593048299.49,2.964580040969649e-09,2777975566433356.0,3425647684397610.0,2614565238996100.0,40818727.3125,25220554.097446002,38417625.705882356,2021-01-02 09:29:29+00:00,2020-12-31 20:06:26+00:00,1.260077843308252e-09,346354.0
3Qqp7LwxmSjPwRaKkDToysJsM3xA4ThqFk,128,1780.671875,3054747245193.2734,1212995.375,27061260686279.023,3.108967226820091e-09,6970479536826694.0,1.2672454993512608e+16,6916444811735014.0,9223957.6484375,7786356.516526258,9152454.100775193,2022-07-15 06:45:57+00:00,2021-12-20 12:37:08+00:00,5.829195452428789e-10,697704.0
bc1q39dled8an7enuxtmjql3pk7ny8kzvsxhd924sl,26,1900.9615384615386,571080269167.8077,2254906.423076923,43742240066361.66,1.3109257861330577e-08,1358377129577902.8,1631186595033754.5,1308066865519462.0,19207240.653846152,18112119.361748848,18495861.37037037,2023-04-25 07:20:59+00:00,2023-02-05 11:43:06+00:00,3.328711638438615e-09,3168777.0
bc1q7fuk8rh38tewfadh2hmhxxyy9wpla3u3df4955,16,2272.125,664557288398.5,1968184.6875,41856237683707.59,6.784003848148434e-09,1825819299819361.5,1912693830550290.5,1718418164535869.8,50242966.8125,115596826.00416552,47287498.176470585,2023-05-08 16:21:55+00:00,2023-01-08 19:01:52+00:00,3.4190054637359213e-09,1155656.0
bc1q7wedv4zdu5smt3shljpu5mgns48jn299mukymc,637,1549.9481946624803,2017874354588.201,1000853.0973312402,15401227115090.387,4.014564229091675e-09,4003551813371923.5,8079335014476493.0,3997276653789835.5,9250047.577708006,8295934.632424215,9235549.070532916,2021-09-11 05:32:30+00:00,2021-07-15 02:39:07+00:00,7.681093677305726e-10,90650.0
bc1q8ej2g5uxdsg0jwl0mpl606qfjxgkyv3p29yf37,18,1984.8333333333333,1089283496230.2778,1309399.4444444445,22784139215954.965,9.885208344647187e-09,2061307440937418.8,1980137942817435.8,1952817575624923.0,55290051.333333336,26377533.469107132,52380048.631578945,2021-04-15 10:36:00+00:00,2021-03-25 10:40:58+00:00,1.8221457868427426e-09,95855.0
bc1qadv9a92ln0l58hh6g0e9jeuz4y5cg0m0sjpf8x,581,1641.7710843373493,2494600393451.6353,1111165.5989672977,25223982432973.95,3.3385484424408267e-09,5595925617031573.0,1.0538361549851598e+16,5586310624562447.0,9799028.17383821,10261847.764227752,9782191.355670104,2022-12-22 02:10:30+00:00,2021-06-06 00:49:58+00:00,6.581298907219865e-10,1040967.0
bc1qf274x7penhcd8hsv3jcmwa5xxzjl2a6pa9pxwm,329,1760.9635258358662,1238668699771.6536,1228141.6565349544,17950832489066.53,4.3360311091181375e-09,2544825873424723.0,2993764549763009.0,2537114279868890.5,32193910.130699087,24193634.452161368,32096352.827272728,2021-07-14 23:25:55+00:00,2021-05-29 07:07:59+00:00,1.4216582094635125e-09,492908.0
bc1qjl8uwezzlech723lpnyuza0h2cdkvxvh54v3dn,19888,2083.534090909091,954178494191.8204,1083288.7994770715,11177384076597.883,5.189508232334948e-09,2318886131492238.0,3949319253664708.0,2318769540103455.5,38419576.24130129,42420550.11485318,38417644.541555636,2021-01-28 08:01:22+00:00,2018-07-31 16:02:50+00:00,2.1835894474584898e-09,2241113.0
bc1qpk2w2ct7xpe9djk5myvsfzrek7rdmq9ypn6pa2,30,1496.1666666666667,1878909792275.9,1102001.4333333333,22663079414182.492,4.797227342919272e-09,4263976485200872.0,1.2054049897883036e+16,4126428856646005.0,7739375.233333333,5637161.564076789,7489717.9677419355,2022-12-10 01:01:03+00:00,2021-07-20 04:29:11+00:00,7.962951030524881e-10,855659.0
bc1qppsntrhcfe8m48dszxzjq9tfdd4ccpua0hqej2,838,1734.082338902148,2354020253040.8174,1175760.223150358,26086830036371.824,3.698305560369732e-09,5291681320600697.0,8562827628732188.0,5285374191493902.0,10270566.831742244,12172363.456605392,10258325.393325387,2022-12-23 11:56:55+00:00,2021-06-12 21:25:30+00:00,7.366471620888302e-10,121585.0
bc1qrpp7g75sx3ejclvsfdw2uahzchtyu7vumkuadu,274,2696.1277372262775,596166972145.8687,1671693.193430657,47893468057409.94,7.12572467636775e-08,1666285677485882.0,1752419865354299.5,1660226456840478.8,23078116.53649635,34831453.82989378,22994196.112727273,2023-10-05 07:25:26+00:00,2022-12-26 05:21:01+00:00,4.52243727545275e-09,12421.0
bc1qte0s6pz7gsdlqq2cf6hv5mxcfksykyyyjkdfd5,246,2976.268292682927,555133450541.7601,1717220.138211382,49643095123684.4,2.299974081928042e-08,1620241732454131.5,2645499430873905.0,1613682049326786.8,24013938.983739838,25858986.132029746,23916716.558704454,2023-10-04 01:36:50+00:00,2022-12-29 02:46:53+00:00,5.361356426600411e-09,6180.0
bc1quyzwwznn97ydemv8l3kzk700gck2tyexd5sz0f,21,1896.142857142857,2604972983238.3335,1068773.619047619,19893045048575.13,3.1199365495560232e-09,6428412898547523.0,1.1801047784737442e+16,6136212312249908.0,11192571.238095239,8307504.928779596,10683818.0,2021-10-17 10:30:15+00:00,2021-10-14 20:46:02+00:00,7.278934827130895e-10,192870.0
bc1qvfzssz36y4gxcg9gh234rzem9k0vrdlx4kq5sg,96,2958.6354166666665,572308572004.1354,1741142.375,51472975414069.57,2.357577839188582e-08,1638719074804760.2,1508630805978374.8,1621825063724299.0,30029462.166666668,30961757.27242252,29719880.082474228,2023-10-05 19:22:10+00:00,2023-03-26 22:31:07+00:00,5.169650711863334e-09,34249.0
bc1qwlrsvgtn99rqp3fgaxq6f6jkgms80rnej0a8tc,71,2122.281690140845,1072485983459.6902,1323265.366197183,22102470218582.008,6.67900191978266e-09,2413944226584843.0,2524665149404357.5,2380417223437831.0,82440813.30985916,54034170.26300105,81295802.0138889,2021-04-20 08:27:36+00:00,2021-02-14 22:22:21+00:00,1.978843288277447e-09,424296.0
bc1qx9t2l3pyny2spqpqlye8svce70nppwtaxwdrp4,4701,1915.91214635184,1616222725499.4705,1227301.918315252,19371324300285.438,4.807506646243597e-09,3651542329173734.0,5647407445198983.0,3650765735739201.0,48273177.15124442,50329089.87890716,48262910.63122076,2022-01-18 07:58:42+00:00,2020-05-12 00:57:43+00:00,1.1854258179421125e-09,693343.0
bc1qxhmdufsvnuaaaer4ynz88fspdsxq2h9e9cetdj,14480,2590.7790745856355,586174930999.4282,1668432.436256906,46312815827205.57,2.115616462239057e-08,1628877787465618.2,1955505156080769.5,1628765303673928.0,25312872.58473757,41564933.61011362,25311124.578896485,2023-10-06 13:37:21+00:00,2022-11-17 14:54:49+00:00,4.419805313353059e-09,21.0
